split,row_in_split,y_true_logk,y_pred_logk,residual_pred_minus_true,abs_error
train,0,4.414973258972168,2.6626124382019043,-1.7523608207702637,1.7523608207702637
train,1,1.653212547302246,1.8607147932052612,0.20750224590301514,0.20750224590301514
train,2,1.6127839088439941,1.916272759437561,0.3034888505935669,0.3034888505935669
train,3,0.41497334837913513,0.31668007373809814,-0.09829327464103699,0.09829327464103699
train,4,1.4623980522155762,1.1769055128097534,-0.28549253940582275,0.28549253940582275
train,5,1.7923916578292847,1.6910830736160278,-0.10130858421325684,0.10130858421325684
train,6,0.0,0.024871617555618286,0.024871617555618286,0.024871617555618286
train,7,4.380211353302002,4.361701488494873,-0.018509864807128906,0.018509864807128906
train,8,8.929418563842773,9.045819282531738,0.11640071868896484,0.11640071868896484
train,9,-0.14874164760112762,-0.3388969302177429,-0.1901552826166153,0.1901552826166153
train,10,0.3010300099849701,0.10169267654418945,-0.19933733344078064,0.19933733344078064
train,11,0.4471580386161804,0.34317129850387573,-0.10398674011230469,0.10398674011230469
train,12,0.36172783374786377,0.29924923181533813,-0.062478601932525635,0.062478601932525635
train,13,0.0791812464594841,0.1080302894115448,0.0288490429520607,0.0288490429520607
train,14,0.3802112340927124,0.3446311354637146,-0.0355800986289978,0.0355800986289978
train,15,0.1760912537574768,0.25489088892936707,0.07879963517189026,0.07879963517189026
train,16,4.792391777038574,4.982607841491699,0.190216064453125,0.190216064453125
train,17,0.04139268398284912,0.25489088892936707,0.21349820494651794,0.21349820494651794
train,18,1.8450980186462402,1.4319511651992798,-0.41314685344696045,0.41314685344696045
train,19,4.778151035308838,4.861329555511475,0.08317852020263672,0.08317852020263672
train,20,-1.6020599603652954,-1.8211114406585693,-0.21905148029327393,0.21905148029327393
train,21,1.4623980522155762,1.4989819526672363,0.036583900451660156,0.036583900451660156
train,22,0.9493899941444397,0.8846310973167419,-0.06475889682769775,0.06475889682769775
train,23,1.3222192525863647,1.5409241914749146,0.2187049388885498,0.2187049388885498
train,24,2.505150079727173,3.440173625946045,0.9350235462188721,0.9350235462188721
train,25,-1.221848726272583,-1.014224886894226,0.20762383937835693,0.20762383937835693
train,26,-0.8538719415664673,-0.9259900450706482,-0.07211810350418091,0.07211810350418091
train,27,0.11394335329532623,0.21795865893363953,0.1040153056383133,0.1040153056383133
train,28,-2.397939920425415,-2.1958088874816895,0.20213103294372559,0.20213103294372559
train,29,1.954242467880249,1.6484349966049194,-0.3058074712753296,0.3058074712753296
train,30,-2.301029920578003,-2.3238134384155273,-0.022783517837524414,0.022783517837524414
train,31,-0.045757491141557693,-0.01647961139678955,0.029277879744768143,0.029277879744768143
train,32,1.3802112340927124,1.3080413341522217,-0.07216989994049072,0.07216989994049072
train,33,1.113943338394165,1.1835858821868896,0.06964254379272461,0.06964254379272461
train,34,2.792391777038574,2.805326461791992,0.012934684753417969,0.012934684753417969
train,35,-3.301029920578003,-3.38580584526062,-0.08477592468261719,0.08477592468261719
train,36,-0.6989700198173523,-0.7317056655883789,-0.03273564577102661,0.03273564577102661
train,37,9.0,9.0933198928833,0.09331989288330078,0.09331989288330078
train,38,5.672097682952881,5.656221866607666,-0.015875816345214844,0.015875816345214844
train,39,4.6434526443481445,4.721458911895752,0.07800626754760742,0.07800626754760742
train,40,-2.522878646850586,-2.530543088912964,-0.00766444206237793,0.00766444206237793
train,41,2.3424227237701416,2.229078769683838,-0.11334395408630371,0.11334395408630371
train,42,0.1702617108821869,0.10025828331708908,-0.07000342756509781,0.07000342756509781
train,43,0.2041199803352356,0.21934561431407928,0.015225633978843689,0.015225633978843689
train,44,5.322219371795654,5.283134937286377,-0.039084434509277344,0.039084434509277344
train,45,4.7558746337890625,4.733124256134033,-0.022750377655029297,0.022750377655029297
train,46,4.431363582611084,4.367940902709961,-0.06342267990112305,0.06342267990112305
train,47,5.041392803192139,5.250117778778076,0.2087249755859375,0.2087249755859375
train,48,5.5797834396362305,5.697233200073242,0.11744976043701172,0.11744976043701172
train,49,6.778151035308838,6.475435733795166,-0.3027153015136719,0.3027153015136719
train,50,7.301030158996582,6.637505054473877,-0.6635251045227051,0.6635251045227051
train,51,6.84509801864624,6.637505054473877,-0.20759296417236328,0.20759296417236328
train,52,5.5314788818359375,5.582255840301514,0.05077695846557617,0.05077695846557617
train,53,4.623249053955078,4.517984867095947,-0.10526418685913086,0.10526418685913086
train,54,6.278753757476807,6.513731956481934,0.23497819900512695,0.23497819900512695
train,55,4.724276065826416,3.69101619720459,-1.0332598686218262,1.0332598686218262
train,56,5.113943576812744,5.189785957336426,0.07584238052368164,0.07584238052368164
train,57,2.255272388458252,3.7844278812408447,1.5291554927825928,1.5291554927825928
train,58,-2.522878646850586,-1.6378092765808105,0.8850693702697754,0.8850693702697754
train,59,7.591064453125,6.974510192871094,-0.6165542602539062,0.6165542602539062
train,60,6.07918119430542,6.50056791305542,0.42138671875,0.42138671875
train,61,7.612783908843994,6.9629902839660645,-0.6497936248779297,0.6497936248779297
train,62,-0.045757491141557693,0.1080302894115448,0.1537877805531025,0.1537877805531025
train,63,0.0791812464594841,0.20919960737228394,0.13001836091279984,0.13001836091279984
train,64,0.14612802863121033,0.1080302894115448,-0.03809773921966553,0.03809773921966553
train,65,0.3010300099849701,0.3446311354637146,0.04360112547874451,0.04360112547874451
train,66,10.380210876464844,7.68125057220459,-2.698960304260254,2.698960304260254
train,67,4.414973258972168,4.605834007263184,0.19086074829101562,0.19086074829101562
train,68,-1.0,-0.7941406965255737,0.20585930347442627,0.20585930347442627
train,69,5.5797834396362305,5.521861553192139,-0.0579218864440918,0.0579218864440918
train,70,-1.045757532119751,-1.0058133602142334,0.03994417190551758,0.03994417190551758
train,71,1.0413926839828491,1.0251843929290771,-0.016208291053771973,0.016208291053771973
train,72,0.2041199803352356,0.21934561431407928,0.015225633978843689,0.015225633978843689
train,73,3.477121353149414,3.409446954727173,-0.06767439842224121,0.06767439842224121
train,74,3.0413928031921387,3.7348623275756836,0.6934695243835449,0.6934695243835449
train,75,3.792391777038574,4.016264915466309,0.22387313842773438,0.22387313842773438
train,76,0.04139268398284912,0.0311267152428627,-0.01026596873998642,0.01026596873998642
train,77,3.0,3.3825418949127197,0.3825418949127197,0.3825418949127197
train,78,2.939519166946411,3.385953903198242,0.44643473625183105,0.44643473625183105
train,79,3.5185139179229736,3.6772241592407227,0.15871024131774902,0.15871024131774902
train,80,3.477121353149414,3.2907516956329346,-0.1863696575164795,0.1863696575164795
train,81,4.623249053955078,4.644137859344482,0.020888805389404297,0.020888805389404297
train,82,2.301029920578003,2.124290943145752,-0.17673897743225098,0.17673897743225098
train,83,5.477121353149414,5.2717671394348145,-0.2053542137145996,0.2053542137145996
train,84,4.278753757476807,4.032697677612305,-0.24605607986450195,0.24605607986450195
train,85,4.20412015914917,4.033127784729004,-0.17099237442016602,0.17099237442016602
train,86,6.491361618041992,6.531347274780273,0.03998565673828125,0.03998565673828125
train,87,-0.2218487560749054,-0.10890839993953705,0.11294035613536835,0.11294035613536835
train,88,5.0,4.779510021209717,-0.2204899787902832,0.2204899787902832
train,89,1.6720978021621704,1.1064047813415527,-0.5656930208206177,0.5656930208206177
train,90,1.6434526443481445,1.3762952089309692,-0.2671574354171753,0.2671574354171753
train,91,-1.096909999847412,-1.2321836948394775,-0.13527369499206543,0.13527369499206543
train,92,4.322219371795654,4.226820468902588,-0.0953989028930664,0.0953989028930664
train,93,-1.1549019813537598,-1.079857349395752,0.07504463195800781,0.07504463195800781
train,94,3.602060079574585,3.45206880569458,-0.14999127388000488,0.14999127388000488
train,95,-2.0,-2.0797877311706543,-0.0797877311706543,0.0797877311706543
train,96,4.113943576812744,3.9941112995147705,-0.11983227729797363,0.11983227729797363
train,97,4.176091194152832,4.4416022300720215,0.26551103591918945,0.26551103591918945
train,98,1.3010300397872925,1.124895691871643,-0.17613434791564941,0.17613434791564941
train,99,-1.6989699602127075,-1.9277844429016113,-0.2288144826889038,0.2288144826889038
train,100,0.0791812464594841,0.026026859879493713,-0.05315438657999039,0.05315438657999039
train,101,-2.0,-1.9442263841629028,0.05577361583709717,0.05577361583709717
train,102,4.653212547302246,4.564136028289795,-0.08907651901245117,0.08907651901245117
train,103,6.612783908843994,5.072175025939941,-1.5406088829040527,1.5406088829040527
train,104,2.0413928031921387,2.0232057571411133,-0.01818704605102539,0.01818704605102539
train,105,-1.6989699602127075,-1.6558252573013306,0.04314470291137695,0.04314470291137695
train,106,8.602060317993164,8.915712356567383,0.31365203857421875,0.31365203857421875
train,107,-1.0,-1.051878571510315,-0.05187857151031494,0.05187857151031494
train,108,0.1760912537574768,0.23814162611961365,0.06205037236213684,0.06205037236213684
train,109,-4.221848964691162,-4.307699203491211,-0.08585023880004883,0.08585023880004883
train,110,-2.301029920578003,-2.1444928646087646,0.15653705596923828,0.15653705596923828
train,111,-3.0,-2.851378917694092,0.1486210823059082,0.1486210823059082
train,112,5.146128177642822,3.8180480003356934,-1.328080177307129,1.328080177307129
train,113,-3.0,-2.807309150695801,0.19269084930419922,0.19269084930419922
train,114,-1.92081880569458,-1.7032039165496826,0.21761488914489746,0.21761488914489746
train,115,2.0,2.05802845954895,0.058028459548950195,0.058028459548950195
train,116,-0.2218487560749054,-0.16951297223567963,0.05233578383922577,0.05233578383922577
train,117,-0.2218487560749054,-0.09998853504657745,0.12186022102832794,0.12186022102832794
train,118,0.04139268398284912,-0.03796832263469696,-0.07936100661754608,0.07936100661754608
train,119,3.591064691543579,3.6120071411132812,0.02094244956970215,0.02094244956970215
train,120,1.8450980186462402,1.8452634811401367,0.00016546249389648438,0.00016546249389648438
train,121,2.681241273880005,2.6763784885406494,-0.004862785339355469,0.004862785339355469
train,122,6.698969841003418,6.668747425079346,-0.030222415924072266,0.030222415924072266
train,123,6.602059841156006,6.668747425079346,0.06668758392333984,0.06668758392333984
train,124,5.698969841003418,5.601255893707275,-0.09771394729614258,0.09771394729614258
train,125,1.6989699602127075,3.69101619720459,1.9920462369918823,1.9920462369918823
train,126,2.414973258972168,2.2266902923583984,-0.18828296661376953,0.18828296661376953
train,127,1.6020599603652954,1.4989162683486938,-0.10314369201660156,0.10314369201660156
train,128,6.477121353149414,4.717061519622803,-1.7600598335266113,1.7600598335266113
train,129,4.380211353302002,3.852539539337158,-0.5276718139648438,0.5276718139648438
train,130,6.146128177642822,5.68587589263916,-0.4602522850036621,0.4602522850036621
train,131,0.41497334837913513,0.37818843126296997,-0.03678491711616516,0.03678491711616516
train,132,0.8388490676879883,0.7239285707473755,-0.11492049694061279,0.11492049694061279
train,133,2.698970079421997,2.859678030014038,0.16070795059204102,0.16070795059204102
train,134,2.07918119430542,2.22717547416687,0.1479942798614502,0.1479942798614502
train,135,1.778151273727417,1.896755576133728,0.11860430240631104,0.11860430240631104
train,136,1.903090000152588,2.6626124382019043,0.7595224380493164,0.7595224380493164
train,137,1.6989699602127075,2.764261245727539,1.0652912855148315,1.0652912855148315
train,138,1.3979400396347046,2.017763376235962,0.6198233366012573,0.6198233366012573
train,139,5.255272388458252,5.285841941833496,0.03056955337524414,0.03056955337524414
train,140,4.653212547302246,4.813152313232422,0.15993976593017578,0.15993976593017578
train,141,0.9138138294219971,0.6859127879142761,-0.22790104150772095,0.22790104150772095
train,142,0.8573324680328369,0.9732919931411743,0.1159595251083374,0.1159595251083374
train,143,-1.0,-1.0693503618240356,-0.06935036182403564,0.06935036182403564
train,144,-1.4948500394821167,-1.5291731357574463,-0.03432309627532959,0.03432309627532959
train,145,0.4471580386161804,0.2973494827747345,-0.14980855584144592,0.14980855584144592
train,146,0.4623979926109314,0.44718754291534424,-0.015210449695587158,0.015210449695587158
train,147,0.2787536084651947,0.231629878282547,-0.047123730182647705,0.047123730182647705
train,148,-4.522878646850586,-2.942490339279175,1.5803883075714111,1.5803883075714111
train,149,-0.3467874825000763,-0.3999152183532715,-0.05312773585319519,0.05312773585319519
train,150,-0.1426675021648407,-0.26418209075927734,-0.12151458859443665,0.12151458859443665
train,151,-0.11350927501916885,-0.07426385581493378,0.03924541920423508,0.03924541920423508
train,152,-0.2291479855775833,-0.28784286975860596,-0.058694884181022644,0.058694884181022644
train,153,-0.4317982792854309,-0.4133341312408447,0.01846414804458618,0.01846414804458618
train,154,0.6020600199699402,0.43660515546798706,-0.16545486450195312,0.16545486450195312
train,155,4.477121353149414,4.502718448638916,0.025597095489501953,0.025597095489501953
train,156,7.954242706298828,7.558464527130127,-0.39577817916870117,0.39577817916870117
train,157,2.908484935760498,2.760676622390747,-0.14780831336975098,0.14780831336975098
train,158,6.0,5.797804355621338,-0.2021956443786621,0.2021956443786621
train,159,0.3010300099849701,0.389808714389801,0.08877870440483093,0.08877870440483093
train,160,0.1760912537574768,0.1080302894115448,-0.068060964345932,0.068060964345932
train,161,0.2041199803352356,0.20919960737228394,0.00507962703704834,0.00507962703704834
train,162,0.3424226939678192,0.29981356859207153,-0.04260912537574768,0.04260912537574768
train,163,0.6627578139305115,0.4687586724758148,-0.19399914145469666,0.19399914145469666
train,164,4.176091194152832,4.596541404724121,0.42045021057128906,0.42045021057128906
train,165,5.041392803192139,5.228931427001953,0.18753862380981445,0.18753862380981445
train,166,5.87506103515625,5.723042011260986,-0.15201902389526367,0.15201902389526367
train,167,0.4313637614250183,0.43113425374031067,-0.0002295076847076416,0.0002295076847076416
train,168,-0.1674910932779312,-0.03239904344081879,0.13509204983711243,0.13509204983711243
train,169,0.0,0.08279097080230713,0.08279097080230713,0.08279097080230713
train,170,0.6020600199699402,0.4507429003715515,-0.15131711959838867,0.15131711959838867
train,171,3.0,2.9822583198547363,-0.017741680145263672,0.017741680145263672
train,172,-0.3010300099849701,-0.46748560667037964,-0.16645559668540955,0.16645559668540955
train,173,1.3222192525863647,3.4466373920440674,2.1244181394577026,2.1244181394577026
train,174,-2.301029920578003,-2.4011881351470947,-0.1001582145690918,0.1001582145690918
train,175,-2.096909999847412,-2.1330928802490234,-0.03618288040161133,0.03618288040161133
train,176,3.681241273880005,3.7020986080169678,0.02085733413696289,0.02085733413696289
train,177,-0.5228787660598755,-0.26458585262298584,0.25829291343688965,0.25829291343688965
train,178,-0.2441251426935196,-0.19714048504829407,0.046984657645225525,0.046984657645225525
train,179,10.602060317993164,10.738848686218262,0.13678836822509766,0.13678836822509766
train,180,0.32221928238868713,0.2903451919555664,-0.03187409043312073,0.03187409043312073
train,181,0.3979400098323822,0.37818843126296997,-0.01975157856941223,0.01975157856941223
train,182,0.7075701951980591,0.5567207932472229,-0.15084940195083618,0.15084940195083618
train,183,0.8129133582115173,0.7239285707473755,-0.08898478746414185,0.08898478746414185
train,184,4.748188018798828,4.854329586029053,0.10614156723022461,0.10614156723022461
train,185,0.2552725076675415,0.4010753035545349,0.1458027958869934,0.1458027958869934
train,186,0.4471580386161804,0.5982640981674194,0.151106059551239,0.151106059551239
train,187,1.2041200399398804,0.841327965259552,-0.36279207468032837,0.36279207468032837
train,188,0.11394335329532623,0.024871617555618286,-0.08907173573970795,0.08907173573970795
train,189,4.431363582611084,4.274943828582764,-0.1564197540283203,0.1564197540283203
train,190,1.0,0.9387572407722473,-0.061242759227752686,0.061242759227752686
train,191,2.602060079574585,2.561429738998413,-0.040630340576171875,0.040630340576171875
train,192,3.778151273727417,3.8059287071228027,0.027777433395385742,0.027777433395385742
train,193,5.0,4.94454288482666,-0.055457115173339844,0.055457115173339844
train,194,-1.0,-0.680131733417511,0.319868266582489,0.319868266582489
train,195,-2.221848726272583,-2.4935553073883057,-0.27170658111572266,0.27170658111572266
train,196,4.819543838500977,4.483031749725342,-0.33651208877563477,0.33651208877563477
train,197,6.602059841156006,7.68125057220459,1.079190731048584,1.079190731048584
train,198,4.477121353149414,5.09238862991333,0.615267276763916,0.615267276763916
train,199,0.3010300099849701,0.23184889554977417,-0.06918111443519592,0.06918111443519592
train,200,0.2787536084651947,0.18399250507354736,-0.09476110339164734,0.09476110339164734
train,201,-2.0,-1.6887820959091187,0.31121790409088135,0.31121790409088135
train,202,-1.0,-1.15336275100708,-0.15336275100708008,0.15336275100708008
train,203,3.113943338394165,3.204768180847168,0.09082484245300293,0.09082484245300293
train,204,0.3424226939678192,0.1572251319885254,-0.18519756197929382,0.18519756197929382
train,205,0.11394335329532623,0.3182467818260193,0.20430342853069305,0.20430342853069305
train,206,-1.3979400396347046,-1.4004132747650146,-0.0024732351303100586,0.0024732351303100586
train,207,5.0,4.849026679992676,-0.15097332000732422,0.15097332000732422
train,208,9.146127700805664,9.286940574645996,0.14081287384033203,0.14081287384033203
train,209,-0.6382721662521362,-0.8636853098869324,-0.22541314363479614,0.22541314363479614
train,210,5.07918119430542,5.0850677490234375,0.005886554718017578,0.005886554718017578
train,211,-0.7695510983467102,-0.21015441417694092,0.5593966841697693,0.5593966841697693
train,212,-2.698970079421997,-2.8865160942077637,-0.1875460147857666,0.1875460147857666
train,213,1.9190781116485596,1.911550760269165,-0.007527351379394531,0.007527351379394531
train,214,-0.2218487560749054,-0.3074105679988861,-0.08556181192398071,0.08556181192398071
train,215,5.929419040679932,6.091984748840332,0.1625657081604004,0.1625657081604004
train,216,2.204119920730591,2.1058220863342285,-0.0982978343963623,0.0982978343963623
train,217,1.3010300397872925,1.2891212701797485,-0.011908769607543945,0.011908769607543945
train,218,3.0,3.197906970977783,0.1979069709777832,0.1979069709777832
train,219,5.322219371795654,5.562539577484131,0.24032020568847656,0.24032020568847656
train,220,-1.3010300397872925,-1.5599541664123535,-0.25892412662506104,0.25892412662506104
train,221,6.698969841003418,6.673497676849365,-0.025472164154052734,0.025472164154052734
train,222,9.176091194152832,9.546064376831055,0.36997318267822266,0.36997318267822266
train,223,5.0,5.231835842132568,0.23183584213256836,0.23183584213256836
train,224,3.0,3.3272788524627686,0.32727885246276855,0.32727885246276855
train,225,6.6334686279296875,6.934240341186523,0.30077171325683594,0.30077171325683594
train,226,-2.0,-2.107070207595825,-0.1070702075958252,0.1070702075958252
train,227,1.3424227237701416,1.3704580068588257,0.028035283088684082,0.028035283088684082
train,228,-0.886056661605835,-1.0693258047103882,-0.18326914310455322,0.18326914310455322
train,229,-2.0,-2.1528420448303223,-0.15284204483032227,0.15284204483032227
train,230,-2.522878646850586,-2.458634614944458,0.06424403190612793,0.06424403190612793
train,231,1.1461280584335327,1.1865379810333252,0.04040992259979248,0.04040992259979248
train,232,0.8450980186462402,0.9294165372848511,0.08431851863861084,0.08431851863861084
train,233,3.7558748722076416,3.061408519744873,-0.6944663524627686,0.6944663524627686
train,234,2.491361618041992,3.061408519744873,0.5700469017028809,0.5700469017028809
train,235,2.903090000152588,3.061408519744873,0.15831851959228516,0.15831851959228516
train,236,0.2041199803352356,0.18124447762966156,-0.022875502705574036,0.022875502705574036
train,237,5.740362644195557,6.103450298309326,0.36308765411376953,0.36308765411376953
train,238,5.568201541900635,6.103450298309326,0.5352487564086914,0.5352487564086914
train,239,-2.0,-1.857365369796753,0.14263463020324707,0.14263463020324707
train,240,9.477121353149414,9.359972953796387,-0.11714839935302734,0.11714839935302734
train,241,-4.0,-3.794368028640747,0.20563197135925293,0.20563197135925293
train,242,-4.301030158996582,-4.211644172668457,0.089385986328125,0.089385986328125
train,243,5.568201541900635,5.566998481750488,-0.0012030601501464844,0.0012030601501464844
train,244,5.20412015914917,5.103891849517822,-0.10022830963134766,0.10022830963134766
train,245,0.778151273727417,0.5820802450180054,-0.19607102870941162,0.19607102870941162
train,246,7.20412015914917,7.285655975341797,0.08153581619262695,0.08153581619262695
train,247,1.6020599603652954,1.75255286693573,0.15049290657043457,0.15049290657043457
train,248,1.0,1.1124258041381836,0.1124258041381836,0.1124258041381836
train,249,7.698969841003418,7.947993278503418,0.2490234375,0.2490234375
train,250,7.84509801864624,7.947993278503418,0.10289525985717773,0.10289525985717773
train,251,8.342422485351562,7.947993278503418,-0.39442920684814453,0.39442920684814453
train,252,2.5185139179229736,2.5977656841278076,0.07925176620483398,0.07925176620483398
train,253,2.0413928031921387,1.923682451248169,-0.11771035194396973,0.11771035194396973
train,254,1.4771212339401245,1.923682451248169,0.44656121730804443,0.44656121730804443
train,255,2.2304489612579346,1.923682451248169,-0.3067665100097656,0.3067665100097656
train,256,6.602059841156006,6.460579872131348,-0.1414799690246582,0.1414799690246582
train,257,8.92427921295166,9.1265869140625,0.20230770111083984,0.20230770111083984
train,258,9.0,9.1265869140625,0.1265869140625,0.1265869140625
train,259,9.176091194152832,9.1265869140625,-0.04950428009033203,0.04950428009033203
train,260,3.778151273727417,3.3272788524627686,-0.45087242126464844,0.45087242126464844
train,261,0.6020600199699402,0.8200114369392395,0.21795141696929932,0.21795141696929932
train,262,4.71600341796875,4.584927082061768,-0.13107633590698242,0.13107633590698242
train,263,-2.0,-1.8448338508605957,0.1551661491394043,0.1551661491394043
train,264,4.602059841156006,4.687299728393555,0.08523988723754883,0.08523988723754883
train,265,-1.3010300397872925,-1.0233807563781738,0.27764928340911865,0.27764928340911865
train,266,-0.15490196645259857,-0.2788717448711395,-0.12396977841854095,0.12396977841854095
train,267,-1.0,-0.9928692579269409,0.007130742073059082,0.007130742073059082
train,268,0.9030900001525879,0.8815510272979736,-0.021538972854614258,0.021538972854614258
train,269,-0.4948500096797943,-0.4285210072994232,0.0663290023803711,0.0663290023803711
train,270,0.3979400098323822,0.38598597049713135,-0.011954039335250854,0.011954039335250854
train,271,6.322219371795654,6.4583353996276855,0.13611602783203125,0.13611602783203125
train,272,0.2041199803352356,0.10693849623203278,-0.09718148410320282,0.09718148410320282
train,273,5.491361618041992,5.534177780151367,0.042816162109375,0.042816162109375
train,274,4.414973258972168,4.244812488555908,-0.17016077041625977,0.17016077041625977
train,275,4.431363582611084,4.5201334953308105,0.08876991271972656,0.08876991271972656
train,276,6.0,5.765264987945557,-0.23473501205444336,0.23473501205444336
train,277,6.041392803192139,5.917081832885742,-0.12431097030639648,0.12431097030639648
train,278,-0.0969100147485733,-0.19665133953094482,-0.09974132478237152,0.09974132478237152
train,279,-2.096909999847412,-2.266674757003784,-0.16976475715637207,0.16976475715637207
train,280,6.3424224853515625,6.617105484008789,0.27468299865722656,0.27468299865722656
train,281,0.892094612121582,0.936052143573761,0.043957531452178955,0.043957531452178955
train,282,1.1461280584335327,1.214603304862976,0.06847524642944336,0.06847524642944336
train,283,5.792391777038574,5.911505222320557,0.11911344528198242,0.11911344528198242
train,284,5.2304487228393555,5.187876224517822,-0.0425724983215332,0.0425724983215332
train,285,3.3222193717956543,3.2751965522766113,-0.04702281951904297,0.04702281951904297
train,286,3.6434526443481445,3.52707576751709,-0.11637687683105469,0.11637687683105469
train,287,4.462398052215576,3.9270663261413574,-0.5353317260742188,0.5353317260742188
train,288,-0.1249387338757515,-0.17473308742046356,-0.04979435354471207,0.04979435354471207
train,289,1.1461280584335327,1.1343135833740234,-0.011814475059509277,0.011814475059509277
train,290,2.8450980186462402,2.760939121246338,-0.08415889739990234,0.08415889739990234
train,291,4.9912261962890625,4.127981662750244,-0.8632445335388184,0.8632445335388184
train,292,3.792391777038574,4.1588134765625,0.3664216995239258,0.3664216995239258
train,293,4.113943576812744,3.8588969707489014,-0.2550466060638428,0.2550466060638428
train,294,1.973127841949463,2.006284713745117,0.0331568717956543,0.0331568717956543
train,295,-2.221848726272583,-2.1399900913238525,0.08185863494873047,0.08185863494873047
train,296,1.5440680980682373,1.6243112087249756,0.08024311065673828,0.08024311065673828
train,297,2.9190781116485596,3.0544371604919434,0.1353590488433838,0.1353590488433838
train,298,-2.0,-1.9667352437973022,0.033264756202697754,0.033264756202697754
train,299,0.6334684491157532,0.5928712487220764,-0.04059720039367676,0.04059720039367676
train,300,-1.8538719415664673,-1.8013482093811035,0.05252373218536377,0.05252373218536377
train,301,2.778151273727417,4.14951229095459,1.3713610172271729,1.3713610172271729
train,302,0.4771212637424469,0.4618362784385681,-0.015284985303878784,0.015284985303878784
train,303,4.477121353149414,4.337960720062256,-0.1391606330871582,0.1391606330871582
train,304,2.146127939224243,2.1178019046783447,-0.028326034545898438,0.028326034545898438
train,305,1.4149733781814575,1.7010688781738281,0.2860954999923706,0.2860954999923706
train,306,-1.221848726272583,-1.1738990545272827,0.04794967174530029,0.04794967174530029
train,307,3.0413928031921387,3.026418447494507,-0.014974355697631836,0.014974355697631836
train,308,-0.9394999742507935,-0.9781714677810669,-0.03867149353027344,0.03867149353027344
train,309,2.0413928031921387,2.0232057571411133,-0.01818704605102539,0.01818704605102539
train,310,3.2707393169403076,3.3395607471466064,0.06882143020629883,0.06882143020629883
train,311,2.602060079574585,2.561429738998413,-0.040630340576171875,0.040630340576171875
train,312,3.176091194152832,3.2063491344451904,0.0302579402923584,0.0302579402923584
train,313,5.973127841949463,6.064207553863525,0.0910797119140625,0.0910797119140625
train,314,-2.2806687355041504,-2.2780535221099854,0.002615213394165039,0.002615213394165039
train,315,6.883533954620361,6.788818359375,-0.09471559524536133,0.09471559524536133
train,316,1.3096301555633545,1.6182289123535156,0.30859875679016113,0.30859875679016113
train,317,3.331022262573242,3.0708155632019043,-0.2602066993713379,0.2602066993713379
train,318,5.260000228881836,5.225411415100098,-0.03458881378173828,0.03458881378173828
train,319,6.301030158996582,6.280548095703125,-0.02048206329345703,0.02048206329345703
train,320,6.816734313964844,6.932370185852051,0.11563587188720703,0.11563587188720703
train,321,2.509999990463257,2.3878233432769775,-0.1221766471862793,0.1221766471862793
train,322,-0.4317982792854309,-0.5897181034088135,-0.15791982412338257,0.15791982412338257
train,323,4.1771321296691895,4.463280200958252,0.2861480712890625,0.2861480712890625
train,324,4.908308029174805,4.748245716094971,-0.16006231307983398,0.16006231307983398
train,325,4.315676689147949,4.17189884185791,-0.14377784729003906,0.14377784729003906
train,326,6.8325090408325195,6.684528350830078,-0.1479806900024414,0.1479806900024414
train,327,3.2755417823791504,3.384969472885132,0.10942769050598145,0.10942769050598145
train,328,4.62493371963501,4.675652027130127,0.05071830749511719,0.05071830749511719
train,329,4.835690498352051,5.104567527770996,0.2688770294189453,0.2688770294189453
train,330,6.889301776885986,6.603943824768066,-0.2853579521179199,0.2853579521179199
train,331,7.340444087982178,7.4021992683410645,0.06175518035888672,0.06175518035888672
train,332,4.217483997344971,4.188843727111816,-0.028640270233154297,0.028640270233154297
train,333,-0.9557792544364929,-0.8042657971382141,0.1515134572982788,0.1515134572982788
train,334,5.161367893218994,4.99170446395874,-0.1696634292602539,0.1696634292602539
train,335,4.477121353149414,4.593658447265625,0.11653709411621094,0.11653709411621094
train,336,6.558708667755127,4.868585109710693,-1.6901235580444336,1.6901235580444336
train,337,3.0413928031921387,3.7348623275756836,0.6934695243835449,0.6934695243835449
train,338,0.9399999976158142,1.1684476137161255,0.22844761610031128,0.22844761610031128
train,339,0.5237464904785156,0.6061196327209473,0.08237314224243164,0.08237314224243164
train,340,1.0755469799041748,0.6940746307373047,-0.3814723491668701,0.3814723491668701
train,341,0.6812412142753601,0.7757302522659302,0.09448903799057007,0.09448903799057007
train,342,0.1846914291381836,0.15066570043563843,-0.034025728702545166,0.034025728702545166
train,343,0.3979400098323822,0.6940746307373047,0.2961346209049225,0.2961346209049225
train,344,1.113943338394165,1.1835858821868896,0.06964254379272461,0.06964254379272461
train,345,1.2106248140335083,5.409785270690918,4.19916045665741,4.19916045665741
train,346,1.4216039180755615,1.03827965259552,-0.3833242654800415,0.3833242654800415
train,347,0.8750612735748291,0.8792557716369629,0.004194498062133789,0.004194498062133789
train,348,0.8976271152496338,1.0073446035385132,0.1097174882888794,0.1097174882888794
train,349,1.3802112340927124,1.3080413341522217,-0.07216989994049072,0.07216989994049072
train,350,6.862131595611572,7.20607328414917,0.34394168853759766,0.34394168853759766
train,351,7.334453582763672,6.1825456619262695,-1.1519079208374023,1.1519079208374023
train,352,1.700703740119934,1.540360927581787,-0.16034281253814697,0.16034281253814697
train,353,3.141369342803955,4.45464563369751,1.3132762908935547,1.3132762908935547
train,354,-0.5254999995231628,-0.4884328842163086,0.03706711530685425,0.03706711530685425
train,355,0.47999998927116394,0.44718754291534424,-0.0328124463558197,0.0328124463558197
train,356,0.2787536084651947,0.231629878282547,-0.047123730182647705,0.047123730182647705
train,357,-1.5816986560821533,-1.7475610971450806,-0.16586244106292725,0.16586244106292725
train,358,6.25,6.4412360191345215,0.19123601913452148,0.19123601913452148
train,359,4.922206401824951,5.398083209991455,0.4758768081665039,0.4758768081665039
train,360,7.217483997344971,6.9774651527404785,-0.2400188446044922,0.2400188446044922
train,361,-1.1549019813537598,-1.161522626876831,-0.006620645523071289,0.006620645523071289
train,362,7.274158000946045,7.218369007110596,-0.05578899383544922,0.05578899383544922
train,363,7.02530574798584,6.97466516494751,-0.05064058303833008,0.05064058303833008
train,364,6.89431619644165,7.082265377044678,0.18794918060302734,0.18794918060302734
train,365,6.909555912017822,7.153443336486816,0.24388742446899414,0.24388742446899414
train,366,6.87040376663208,7.015182971954346,0.14477920532226562,0.14477920532226562
train,367,6.3443922996521,6.026320934295654,-0.3180713653564453,0.3180713653564453
train,368,4.180325031280518,4.9358134269714355,0.755488395690918,0.755488395690918
train,369,6.6294097900390625,4.9358134269714355,-1.693596363067627,1.693596363067627
train,370,5.728770732879639,5.686925888061523,-0.041844844818115234,0.041844844818115234
train,371,5.6434526443481445,5.672802925109863,0.02935028076171875,0.02935028076171875
train,372,6.1673173904418945,6.245731353759766,0.0784139633178711,0.0784139633178711
train,373,6.376576900482178,6.455138683319092,0.07856178283691406,0.07856178283691406
train,374,5.255272388458252,5.27349853515625,0.018226146697998047,0.018226146697998047
train,375,1.0689276456832886,1.4319511651992798,0.3630235195159912,0.3630235195159912
train,376,3.3868556022644043,3.5590248107910156,0.17216920852661133,0.17216920852661133
train,377,6.826722621917725,4.14951229095459,-2.6772103309631348,2.6772103309631348
train,378,2.778151273727417,3.214684247970581,0.43653297424316406,0.43653297424316406
train,379,5.639999866485596,5.183234214782715,-0.45676565170288086,0.45676565170288086
train,380,4.635715007781982,4.767560005187988,0.13184499740600586,0.13184499740600586
train,381,5.140542507171631,4.902050495147705,-0.23849201202392578,0.23849201202392578
train,382,6.581580638885498,6.445599555969238,-0.13598108291625977,0.13598108291625977
train,383,7.089905261993408,6.666961193084717,-0.4229440689086914,0.4229440689086914
train,384,6.876794815063477,6.179450035095215,-0.6973447799682617,0.6973447799682617
train,385,6.129220008850098,6.179450035095215,0.05023002624511719,0.05023002624511719
train,386,6.965672016143799,6.673149585723877,-0.2925224304199219,0.2925224304199219
train,387,5.113943576812744,5.542721748352051,0.42877817153930664,0.42877817153930664
train,388,3.556302547454834,3.1033501625061035,-0.45295238494873047,0.45295238494873047
train,389,7.21484375,6.511655807495117,-0.7031879425048828,0.7031879425048828
train,390,6.8651041984558105,6.670722007751465,-0.1943821907043457,0.1943821907043457
train,391,2.892094612121582,3.1033501625061035,0.21125555038452148,0.21125555038452148
train,392,7.20412015914917,6.931278705596924,-0.2728414535522461,0.2728414535522461
train,393,5.07918119430542,5.181351184844971,0.10216999053955078,0.10216999053955078
train,394,6.659916400909424,6.28560733795166,-0.37430906295776367,0.37430906295776367
train,395,5.112654685974121,5.156695365905762,0.044040679931640625,0.044040679931640625
train,396,4.672097682952881,4.8965959548950195,0.22449827194213867,0.22449827194213867
train,397,-0.652999997138977,-0.5176176428794861,0.13538235425949097,0.13538235425949097
train,398,3.279376745223999,3.0578370094299316,-0.22153973579406738,0.22153973579406738
train,399,5.260000228881836,5.105950832366943,-0.15404939651489258,0.15404939651489258
train,400,1.944482684135437,2.0713605880737305,0.12687790393829346,0.12687790393829346
train,401,4.999724864959717,5.786281108856201,0.7865562438964844,0.7865562438964844
train,402,6.409933090209961,6.069912433624268,-0.34002065658569336,0.34002065658569336
train,403,-0.6020600199699402,-0.6827114820480347,-0.08065146207809448,0.08065146207809448
train,404,-1.5228787660598755,-2.942490339279175,-1.4196115732192993,1.4196115732192993
train,405,0.3783979117870331,0.5005418658256531,0.12214395403862,0.12214395403862
train,406,-1.4948500394821167,-1.5291731357574463,-0.03432309627532959,0.03432309627532959
train,407,2.409425973892212,2.435861825942993,0.02643585205078125,0.02643585205078125
train,408,1.5705429315567017,1.855774164199829,0.28523123264312744,0.28523123264312744
train,409,4.447157859802246,4.709156036376953,0.26199817657470703,0.26199817657470703
train,410,-2.522878646850586,-2.5102221965789795,0.012656450271606445,0.012656450271606445
train,411,0.5797836184501648,0.6961787343025208,0.11639511585235596,0.11639511585235596
train,412,5.650000095367432,5.656221866607666,0.006221771240234375,0.006221771240234375
train,413,-0.6777806878089905,-0.5595195889472961,0.11826109886169434,0.11826109886169434
train,414,2.806180000305176,2.017763376235962,-0.7884166240692139,0.7884166240692139
train,415,3.3617279529571533,3.1481411457061768,-0.21358680725097656,0.21358680725097656
train,416,4.013470649719238,4.5007123947143555,0.4872417449951172,0.4872417449951172
train,417,7.146128177642822,7.558464527130127,0.4123363494873047,0.4123363494873047
train,418,2.462398052215576,2.678335666656494,0.21593761444091797,0.21593761444091797
train,419,4.429999828338623,4.5201334953308105,0.0901336669921875,0.0901336669921875
train,420,5.789999961853027,5.833083152770996,0.04308319091796875,0.04308319091796875
train,421,2.450000047683716,2.649176597595215,0.19917654991149902,0.19917654991149902
train,422,4.740362644195557,5.875035762786865,1.1346731185913086,1.1346731185913086
train,423,4.612783908843994,2.764261245727539,-1.848522663116455,1.848522663116455
train,424,3.9744367599487305,3.952453136444092,-0.021983623504638672,0.021983623504638672
train,425,5.041392803192139,4.915403366088867,-0.12598943710327148,0.12598943710327148
train,426,-1.6382721662521362,-1.0558005571365356,0.5824716091156006,0.5824716091156006
train,427,6.620136260986328,6.3265700340271,-0.2935662269592285,0.2935662269592285
train,428,0.0791812464594841,0.11236424744129181,0.03318300098180771,0.03318300098180771
train,429,0.36172783374786377,0.448388010263443,0.08666017651557922,0.08666017651557922
train,430,6.274158000946045,6.390891075134277,0.11673307418823242,0.11673307418823242
train,431,2.8038039207458496,2.761103630065918,-0.04270029067993164,0.04270029067993164
train,432,2.8038039207458496,2.660778760910034,-0.14302515983581543,0.14302515983581543
train,433,5.20412015914917,5.087685585021973,-0.11643457412719727,0.11643457412719727
train,434,6.035726070404053,6.492960453033447,0.45723438262939453,0.45723438262939453
train,435,4.225309371948242,4.555630207061768,0.3303208351135254,0.3303208351135254
train,436,2.414973258972168,2.27644944190979,-0.13852381706237793,0.13852381706237793
train,437,1.8899999856948853,1.6277812719345093,-0.262218713760376,0.262218713760376
train,438,0.7279999852180481,0.9375535845756531,0.20955359935760498,0.20955359935760498
train,439,2.7158827781677246,2.6200613975524902,-0.09582138061523438,0.09582138061523438
train,440,4.897626876831055,4.879978179931641,-0.017648696899414062,0.017648696899414062
train,441,0.7259116172790527,0.8226622343063354,0.09675061702728271,0.09675061702728271
train,442,4.897626876831055,4.854669094085693,-0.04295778274536133,0.04295778274536133
train,443,0.15000000596046448,0.018648594617843628,-0.13135141134262085,0.13135141134262085
train,444,6.519999980926514,6.494621753692627,-0.02537822723388672,0.02537822723388672
train,445,9.13987922668457,9.103813171386719,-0.03606605529785156,0.03606605529785156
train,446,2.6232492923736572,2.567721366882324,-0.05552792549133301,0.05552792549133301
train,447,5.477121353149414,5.434342384338379,-0.042778968811035156,0.042778968811035156
train,448,4.400000095367432,4.392025947570801,-0.00797414779663086,0.00797414779663086
train,449,5.477121353149414,5.462766170501709,-0.014355182647705078,0.014355182647705078
train,450,2.792391777038574,2.805326461791992,0.012934684753417969,0.012934684753417969
train,451,2.792391777038574,2.805326461791992,0.012934684753417969,0.012934684753417969
train,452,5.577795028686523,6.1825456619262695,0.6047506332397461,0.6047506332397461
train,453,4.939759731292725,4.995001316070557,0.05524158477783203,0.05524158477783203
train,454,4.93951940536499,4.995001316070557,0.055481910705566406,0.055481910705566406
train,455,5.2304487228393555,5.108147621154785,-0.12230110168457031,0.12230110168457031
train,456,-0.1249387338757515,-0.14530180394649506,-0.02036307007074356,0.02036307007074356
train,457,0.963787853717804,0.961854100227356,-0.001933753490447998,0.001933753490447998
train,458,3.4983105659484863,3.616093873977661,0.1177833080291748,0.1177833080291748
train,459,4.411619663238525,4.410863399505615,-0.0007562637329101562,0.0007562637329101562
train,460,5.260071277618408,5.2356953620910645,-0.02437591552734375,0.02437591552734375
train,461,3.502427101135254,3.3870620727539062,-0.11536502838134766,0.11536502838134766
train,462,3.4698219299316406,3.1516575813293457,-0.3181643486022949,0.3181643486022949
train,463,7.230224609375,7.189292907714844,-0.04093170166015625,0.04093170166015625
train,464,4.041392803192139,4.033127784729004,-0.008265018463134766,0.008265018463134766
train,465,5.403120517730713,5.597908973693848,0.19478845596313477,0.19478845596313477
train,466,5.829482078552246,6.064349174499512,0.23486709594726562,0.23486709594726562
train,467,4.499340534210205,4.746450424194336,0.24710988998413086,0.24710988998413086
train,468,2.491361618041992,3.061408519744873,0.5700469017028809,0.5700469017028809
train,469,4.602059841156006,4.6154985427856445,0.013438701629638672,0.013438701629638672
train,470,0.7129999995231628,0.662463903427124,-0.05053609609603882,0.05053609609603882
train,471,1.0399999618530273,1.1025954484939575,0.06259548664093018,0.06259548664093018
train,472,0.8656960725784302,1.297776699066162,0.43208062648773193,0.43208062648773193
train,473,0.4099331200122833,0.2601192593574524,-0.14981386065483093,0.14981386065483093
train,474,-2.0,-1.6887820959091187,0.31121790409088135,0.31121790409088135
train,475,4.851258277893066,4.968693256378174,0.11743497848510742,0.11743497848510742
train,476,6.340000152587891,6.617105484008789,0.27710533142089844,0.27710533142089844
train,477,4.6901960372924805,4.911967754364014,0.2217717170715332,0.2217717170715332
train,478,0.1303337663412094,0.12011294066905975,-0.010220825672149658,0.010220825672149658
train,479,0.5185139179229736,0.4327135682106018,-0.08580034971237183,0.08580034971237183
train,480,6.639999866485596,7.68125057220459,1.0412507057189941,1.0412507057189941
train,481,3.5440680980682373,3.5548453330993652,0.01077723503112793,0.01077723503112793
train,482,-0.7329869270324707,-0.6640036702156067,0.06898325681686401,0.06898325681686401
train,483,-0.1249387338757515,-0.11410099267959595,0.010837741196155548,0.010837741196155548
train,484,2.138000965118408,1.9356173276901245,-0.2023836374282837,0.2023836374282837
train,485,5.975651264190674,6.005475044250488,0.029823780059814453,0.029823780059814453
train,486,5.780832767486572,5.660699844360352,-0.1201329231262207,0.1201329231262207
train,487,5.859041213989258,5.911505222320557,0.05246400833129883,0.05246400833129883
train,488,3.5797836780548096,4.082161903381348,0.5023782253265381,0.5023782253265381
train,489,-0.4948500096797943,-0.4285210072994232,0.0663290023803711,0.0663290023803711
train,490,-0.9586073160171509,-1.2110819816589355,-0.25247466564178467,0.25247466564178467
train,491,-0.2218487560749054,-0.3074105679988861,-0.08556181192398071,0.08556181192398071
train,492,5.900000095367432,5.860411167144775,-0.03958892822265625,0.03958892822265625
train,493,0.3010300099849701,0.3693696856498718,0.06833967566490173,0.06833967566490173
train,494,5.226731300354004,5.148890972137451,-0.07784032821655273,0.07784032821655273
train,495,7.0,6.945250988006592,-0.0547490119934082,0.0547490119934082
train,496,6.532864093780518,6.516016483306885,-0.016847610473632812,0.016847610473632812
train,497,5.96999979019165,6.14771842956543,0.1777186393737793,0.1777186393737793
train,498,-0.11350927501916885,-0.07426385581493378,0.03924541920423508,0.03924541920423508
train,499,-0.1426675021648407,-0.26418209075927734,-0.12151458859443665,0.12151458859443665
train,500,-0.4317982792854309,-0.4133341312408447,0.01846414804458618,0.01846414804458618
train,501,5.255272388458252,5.192052364349365,-0.06322002410888672,0.06322002410888672
train,502,6.041392803192139,6.0278191566467285,-0.013573646545410156,0.013573646545410156
train,503,5.174346923828125,5.225862979888916,0.051516056060791016,0.051516056060791016
train,504,5.5314788818359375,5.762755870819092,0.2312769889831543,0.2312769889831543
train,505,-0.10513034462928772,-0.15218035876750946,-0.04705001413822174,0.04705001413822174
train,506,0.5352941155433655,0.4547881782054901,-0.08050593733787537,0.08050593733787537
train,507,5.152288436889648,5.060204029083252,-0.09208440780639648,0.09208440780639648
train,508,0.9493899941444397,0.8846310973167419,-0.06475889682769775,0.06475889682769775
train,509,3.954242467880249,4.121349334716797,0.16710686683654785,0.16710686683654785
train,510,0.15000000596046448,0.21251747012138367,0.06251746416091919,0.06251746416091919
train,511,1.2186652421951294,1.3676248788833618,0.14895963668823242,0.14895963668823242
train,512,-1.0,-0.9625630378723145,0.03743696212768555,0.03743696212768555
train,513,0.6989700198173523,0.6574895977973938,-0.041480422019958496,0.041480422019958496
train,514,0.7300000190734863,0.7832995653152466,0.053299546241760254,0.053299546241760254
train,515,4.8325090408325195,4.83289909362793,0.00039005279541015625,0.00039005279541015625
train,516,2.1500000953674316,2.0985374450683594,-0.051462650299072266,0.051462650299072266
train,517,4.8899335861206055,5.141432285308838,0.2514986991882324,0.2514986991882324
train,518,6.389999866485596,6.274576663970947,-0.11542320251464844,0.11542320251464844
train,519,6.400000095367432,4.717061519622803,-1.682938575744629,1.682938575744629
train,520,1.7596678733825684,4.717061519622803,2.9573936462402344,2.9573936462402344
train,521,5.322219371795654,3.4466373920440674,-1.875581979751587,1.875581979751587
train,522,0.2787536084651947,-0.21015441417694092,-0.4889080226421356,0.4889080226421356
train,523,0.9765836000442505,0.9087110161781311,-0.06787258386611938,0.06787258386611938
train,524,0.8419848084449768,0.7756500244140625,-0.0663347840309143,0.0663347840309143
train,525,1.3424227237701416,1.2722386121749878,-0.07018411159515381,0.07018411159515381
train,526,6.447157859802246,6.0134992599487305,-0.4336585998535156,0.4336585998535156
train,527,5.841753005981445,5.803104877471924,-0.038648128509521484,0.038648128509521484
train,528,4.748188018798828,4.77083683013916,0.02264881134033203,0.02264881134033203
train,529,2.703291416168213,2.643195390701294,-0.060096025466918945,0.060096025466918945
train,530,1.3222192525863647,1.4192157983779907,0.09699654579162598,0.09699654579162598
train,531,1.0413926839828491,1.0251843929290771,-0.016208291053771973,0.016208291053771973
train,532,2.3928728103637695,2.6755595207214355,0.282686710357666,0.282686710357666
train,533,-0.3979400098323822,-0.509484052658081,-0.11154404282569885,0.11154404282569885
train,534,1.850000023841858,1.8452634811401367,-0.004736542701721191,0.004736542701721191
train,535,1.7000000476837158,2.764261245727539,1.0642611980438232,1.0642611980438232
train,536,5.311753749847412,5.883264541625977,0.5715107917785645,0.5715107917785645
train,537,3.154423952102661,3.0880420207977295,-0.06638193130493164,0.06638193130493164
train,538,1.899999976158142,2.6626124382019043,0.7626124620437622,0.7626124620437622
train,539,4.863322734832764,5.017327308654785,0.15400457382202148,0.15400457382202148
train,540,5.674256801605225,5.481415748596191,-0.1928410530090332,0.1928410530090332
train,541,4.0,4.693682670593262,0.6936826705932617,0.6936826705932617
train,542,2.0799999237060547,2.22717547416687,0.14717555046081543,0.14717555046081543
train,543,3.109999895095825,3.204768180847168,0.09476828575134277,0.09476828575134277
train,544,1.600000023841858,1.4989162683486938,-0.10108375549316406,0.10108375549316406
train,545,3.6232492923736572,3.6627821922302246,0.03953289985656738,0.03953289985656738
train,546,-1.221848726272583,-1.1738990545272827,0.04794967174530029,0.04794967174530029
train,547,5.929419040679932,5.847374439239502,-0.08204460144042969,0.08204460144042969
train,548,5.612783908843994,5.822535991668701,0.20975208282470703,0.20975208282470703
train,549,0.15549999475479126,0.2186872959136963,0.06318730115890503,0.06318730115890503
train,550,-0.2441251426935196,-0.19714048504829407,0.046984657645225525,0.046984657645225525
train,551,2.049999952316284,1.916272759437561,-0.13372719287872314,0.13372719287872314
train,552,1.0880297422409058,1.1769055128097534,0.08887577056884766,0.08887577056884766
train,553,2.7300000190734863,2.838575601577759,0.10857558250427246,0.10857558250427246
train,554,0.6060000061988831,0.5446170568466187,-0.061382949352264404,0.061382949352264404
train,555,2.767155885696411,2.762274742126465,-0.004881143569946289,0.004881143569946289
train,556,0.07999999821186066,-0.193872332572937,-0.27387233078479767,0.27387233078479767
train,557,1.3582103252410889,1.8382350206375122,0.48002469539642334,0.48002469539642334
train,558,6.568201541900635,6.674588680267334,0.10638713836669922,0.10638713836669922
train,559,4.590000152587891,4.540523052215576,-0.04947710037231445,0.04947710037231445
train,560,2.431363821029663,2.5566277503967285,0.12526392936706543,0.12526392936706543
train,561,0.04139268398284912,0.0311267152428627,-0.01026596873998642,0.01026596873998642
train,562,-1.4814860820770264,-1.6044994592666626,-0.12301337718963623,0.12301337718963623
train,563,2.1746411323547363,2.006397247314453,-0.1682438850402832,0.1682438850402832
train,564,0.7390000224113464,0.6872154474258423,-0.05178457498550415,0.05178457498550415
train,565,1.4255000352859497,1.4159890413284302,-0.009510993957519531,0.009510993957519531
train,566,2.908484935760498,2.760676622390747,-0.14780831336975098,0.14780831336975098
train,567,0.9070000052452087,0.9032386541366577,-0.0037613511085510254,0.0037613511085510254
train,568,0.8759999871253967,0.9032386541366577,0.027238667011260986,0.027238667011260986
train,569,2.0413928031921387,2.094984531402588,0.05359172821044922,0.05359172821044922
train,570,6.340000152587891,6.328980445861816,-0.011019706726074219,0.011019706726074219
train,571,1.4299999475479126,1.2463911771774292,-0.1836087703704834,0.1836087703704834
train,572,0.04532298073172569,0.11894556879997253,0.07362258806824684,0.07362258806824684
train,573,2.4361627101898193,2.46710467338562,0.03094196319580078,0.03094196319580078
train,574,3.267843723297119,3.309908390045166,0.042064666748046875,0.042064666748046875
train,575,2.4000000953674316,2.222468614578247,-0.17753148078918457,0.17753148078918457
train,576,3.4600000381469727,3.220787525177002,-0.2392125129699707,0.2392125129699707
train,577,5.148064136505127,4.929305553436279,-0.21875858306884766,0.21875858306884766
train,578,1.973127841949463,2.006284713745117,0.0331568717956543,0.0331568717956543
train,579,1.973127841949463,2.006284713745117,0.0331568717956543,0.0331568717956543
train,580,2.4000000953674316,2.467154026031494,0.0671539306640625,0.0671539306640625
train,581,-0.8999999761581421,-0.6609911322593689,0.2390088438987732,0.2390088438987732
train,582,-0.15000000596046448,-0.2788717448711395,-0.12887173891067505,0.12887173891067505
train,583,6.568201541900635,6.672873020172119,0.10467147827148438,0.10467147827148438
train,584,1.149999976158142,1.1865379810333252,0.036538004875183105,0.036538004875183105
train,585,3.477121353149414,3.2907516956329346,-0.1863696575164795,0.1863696575164795
train,586,0.8260747790336609,0.6749858260154724,-0.15108895301818848,0.15108895301818848
train,587,1.372912049293518,1.1557867527008057,-0.2171252965927124,0.2171252965927124
train,588,2.0484418869018555,2.1409053802490234,0.09246349334716797,0.09246349334716797
train,589,4.92427921295166,5.105021953582764,0.18074274063110352,0.18074274063110352
train,590,-0.33827081322669983,-0.08658909797668457,0.25168171525001526,0.25168171525001526
train,591,4.886234283447266,4.844358921051025,-0.041875362396240234,0.041875362396240234
train,592,5.989999771118164,4.539244651794434,-1.4507551193237305,1.4507551193237305
train,593,5.568201541900635,5.566998481750488,-0.0012030601501464844,0.0012030601501464844
train,594,0.2386677861213684,0.1639898270368576,-0.0746779590845108,0.0746779590845108
train,595,6.146128177642822,6.168750762939453,0.02262258529663086,0.02262258529663086
train,596,-1.096909999847412,-1.1454708576202393,-0.04856085777282715,0.04856085777282715
train,597,0.9030900001525879,0.8815510272979736,-0.021538972854614258,0.021538972854614258
train,598,3.3453736305236816,3.329760789871216,-0.01561284065246582,0.01561284065246582
train,599,5.510000228881836,5.072853088378906,-0.4371471405029297,0.4371471405029297
train,600,3.440000057220459,3.879077672958374,0.43907761573791504,0.43907761573791504
train,601,-1.5228787660598755,-1.5874977111816406,-0.06461894512176514,0.06461894512176514
train,602,4.720159530639648,5.2777180671691895,0.557558536529541,0.557558536529541
train,603,2.1986570358276367,2.1917452812194824,-0.006911754608154297,0.006911754608154297
train,604,6.300515174865723,5.908154487609863,-0.3923606872558594,0.3923606872558594
train,605,-0.5385000109672546,-0.7679780125617981,-0.22947800159454346,0.22947800159454346
train,606,-0.3095000088214874,-0.2680870294570923,0.04141297936439514,0.04141297936439514
train,607,5.2304487228393555,5.188406467437744,-0.04204225540161133,0.04204225540161133
train,608,-1.3979400396347046,-1.5068886280059814,-0.10894858837127686,0.10894858837127686
train,609,2.792391777038574,2.9885613918304443,0.19616961479187012,0.19616961479187012
train,610,0.0,0.10214263200759888,0.10214263200759888,0.10214263200759888
train,611,1.954242467880249,1.9763705730438232,0.02212810516357422,0.02212810516357422
train,612,6.839232921600342,6.746161460876465,-0.09307146072387695,0.09307146072387695
train,613,-0.3449999988079071,-0.20617148280143738,0.13882851600646973,0.13882851600646973
train,614,5.929419040679932,5.9206390380859375,-0.00878000259399414,0.00878000259399414
train,615,0.6532124876976013,0.35793063044548035,-0.29528185725212097,0.29528185725212097
train,616,0.2041199803352356,0.4697732925415039,0.2656533122062683,0.2656533122062683
train,617,6.610000133514404,6.3822407722473145,-0.22775936126708984,0.22775936126708984
train,618,0.6290000081062317,0.7120060920715332,0.08300608396530151,0.08300608396530151
train,619,6.2304487228393555,6.360123634338379,0.12967491149902344,0.12967491149902344
train,620,7.385606288909912,7.118517875671387,-0.2670884132385254,0.2670884132385254
train,621,6.07918119430542,5.883903503417969,-0.19527769088745117,0.19527769088745117
train,622,3.204119920730591,3.2008304595947266,-0.003289461135864258,0.003289461135864258
train,623,3.88010573387146,4.033127784729004,0.15302205085754395,0.15302205085754395
train,624,0.5024271011352539,0.7668148875236511,0.2643877863883972,0.2643877863883972
train,625,2.2988531589508057,1.8061578273773193,-0.49269533157348633,0.49269533157348633
train,626,3.113943338394165,3.1891887187957764,0.07524538040161133,0.07524538040161133
train,627,9.146127700805664,9.286940574645996,0.14081287384033203,0.14081287384033203
train,628,0.800000011920929,0.8014858961105347,0.0014858841896057129,0.0014858841896057129
train,629,5.892094612121582,6.338284015655518,0.44618940353393555,0.44618940353393555
train,630,6.187773704528809,6.210834503173828,0.02306079864501953,0.02306079864501953
train,631,2.0,2.073883533477783,0.0738835334777832,0.0738835334777832
train,632,3.5999999046325684,3.3506786823272705,-0.24932122230529785,0.24932122230529785
train,633,4.613285064697266,4.507368564605713,-0.10591650009155273,0.10591650009155273
train,634,5.329578876495361,5.2216010093688965,-0.10797786712646484,0.10797786712646484
train,635,6.041392803192139,6.29406213760376,0.2526693344116211,0.2526693344116211
train,636,6.113943576812744,6.571191787719727,0.4572482109069824,0.4572482109069824
train,637,-0.07900000363588333,0.10100395977497101,0.18000396341085434,0.18000396341085434
train,638,0.0,0.017796680331230164,0.017796680331230164,0.017796680331230164
train,639,2.778874397277832,2.722137689590454,-0.05673670768737793,0.05673670768737793
train,640,2.680000066757202,2.6763784885406494,-0.0036215782165527344,0.0036215782165527344
train,641,0.09342168271541595,0.0038312524557113647,-0.08959043025970459,0.08959043025970459
train,642,0.3979400098323822,0.38598597049713135,-0.011954039335250854,0.011954039335250854
train,643,5.903090000152588,5.355106353759766,-0.5479836463928223,0.5479836463928223
train,644,-2.698970079421997,-2.782651662826538,-0.08368158340454102,0.08368158340454102
train,645,5.360000133514404,5.181149482727051,-0.17885065078735352,0.17885065078735352
train,646,5.0,4.87298059463501,-0.12701940536499023,0.12701940536499023
train,647,2.591064691543579,2.9065122604370117,0.3154475688934326,0.3154475688934326
train,648,3.4116196632385254,3.3116567134857178,-0.09996294975280762,0.09996294975280762
train,649,2.146127939224243,2.1178019046783447,-0.028326034545898438,0.028326034545898438
train,650,1.7481880187988281,1.7104350328445435,-0.03775298595428467,0.03775298595428467
train,651,6.146128177642822,5.943552017211914,-0.2025761604309082,0.2025761604309082
train,652,5.934498310089111,6.050375938415527,0.11587762832641602,0.11587762832641602
train,653,1.3700000047683716,1.495171308517456,0.12517130374908447,0.12517130374908447
train,654,5.397940158843994,5.16011381149292,-0.23782634735107422,0.23782634735107422
train,655,6.146128177642822,6.214652061462402,0.06852388381958008,0.06852388381958008
train,656,1.940000057220459,1.9998337030410767,0.059833645820617676,0.059833645820617676
train,657,4.799340724945068,4.707601070404053,-0.09173965454101562,0.09173965454101562
train,658,4.71600341796875,4.584927082061768,-0.13107633590698242,0.13107633590698242
train,659,5.113943576812744,3.7844278812408447,-1.3295156955718994,1.3295156955718994
train,660,0.5658478140830994,0.6352940797805786,0.06944626569747925,0.06944626569747925
train,661,5.505149841308594,6.1415276527404785,0.6363778114318848,0.6363778114318848
train,662,5.631971836090088,5.545169353485107,-0.08680248260498047,0.08680248260498047
train,663,5.477121353149414,5.328222274780273,-0.14889907836914062,0.14889907836914062
train,664,6.4306817054748535,6.4497151374816895,0.019033432006835938,0.019033432006835938
train,665,6.461198806762695,6.427488803863525,-0.03371000289916992,0.03371000289916992
train,666,5.932348728179932,5.898159503936768,-0.03418922424316406,0.03418922424316406
train,667,5.301030158996582,5.5827741622924805,0.28174400329589844,0.28174400329589844
train,668,5.905796051025391,6.11472225189209,0.20892620086669922,0.20892620086669922
train,669,6.237997531890869,6.193554878234863,-0.04444265365600586,0.04444265365600586
train,670,-0.33724215626716614,-0.3772343397140503,-0.039992183446884155,0.039992183446884155
train,671,-0.3467874825000763,-0.4453987777233124,-0.09861129522323608,0.09861129522323608
train,672,4.653212547302246,4.564136028289795,-0.08907651901245117,0.08907651901245117
train,673,4.733277320861816,4.736752033233643,0.003474712371826172,0.003474712371826172
train,674,4.409375190734863,4.369527816772461,-0.039847373962402344,0.039847373962402344
train,675,5.87506103515625,6.446998119354248,0.571937084197998,0.571937084197998
train,676,6.989999771118164,6.506750106811523,-0.4832496643066406,0.4832496643066406
train,677,0.8899999856948853,0.936052143573761,0.04605215787887573,0.04605215787887573
train,678,1.1875207424163818,1.1696287393569946,-0.017892003059387207,0.017892003059387207
train,679,1.1461280584335327,1.1343135833740234,-0.011814475059509277,0.011814475059509277
train,680,5.79295539855957,5.850555419921875,0.05760002136230469,0.05760002136230469
train,681,3.854268789291382,4.061954975128174,0.207686185836792,0.207686185836792
train,682,3.7558748722076416,3.061408519744873,-0.6944663524627686,0.6944663524627686
train,683,5.93951940536499,5.395240783691406,-0.544278621673584,0.544278621673584
train,684,1.2300000190734863,1.2968682050704956,0.06686818599700928,0.06686818599700928
train,685,3.6994850635528564,3.6171047687530518,-0.08238029479980469,0.08238029479980469
train,686,6.467502117156982,6.4583353996276855,-0.009166717529296875,0.009166717529296875
train,687,2.534486770629883,2.389346122741699,-0.1451406478881836,0.1451406478881836
train,688,5.497443199157715,5.645602226257324,0.14815902709960938,0.14815902709960938
train,689,3.812913417816162,5.072175025939941,1.2592616081237793,1.2592616081237793
train,690,0.6600000262260437,0.556654691696167,-0.10334533452987671,0.10334533452987671
train,691,4.886490821838379,5.057276248931885,0.17078542709350586,0.17078542709350586
train,692,5.7075700759887695,5.288821220397949,-0.4187488555908203,0.4187488555908203
train,693,3.680000066757202,3.7020986080169678,0.022098541259765625,0.022098541259765625
train,694,-1.3010300397872925,-1.2608416080474854,0.04018843173980713,0.04018843173980713
train,695,4.7656683921813965,5.2425007820129395,0.47683238983154297,0.47683238983154297
train,696,1.57978355884552,1.476494312286377,-0.10328924655914307,0.10328924655914307
train,697,3.9294190406799316,4.058413505554199,0.12899446487426758,0.12899446487426758
train,698,3.886490821838379,3.8122787475585938,-0.07421207427978516,0.07421207427978516
train,699,3.612783908843994,3.627041816711426,0.01425790786743164,0.01425790786743164
train,700,5.20412015914917,5.185816764831543,-0.018303394317626953,0.018303394317626953
train,701,4.0,3.8805534839630127,-0.1194465160369873,0.1194465160369873
train,702,4.146128177642822,4.02786111831665,-0.11826705932617188,0.11826705932617188
train,703,4.431363582611084,4.354052543640137,-0.07731103897094727,0.07731103897094727
train,704,-3.2335872650146484,-3.0152785778045654,0.218308687210083,0.218308687210083
train,705,5.880000114440918,5.723042011260986,-0.15695810317993164,0.15695810317993164
train,706,3.4000000953674316,3.4939723014831543,0.09397220611572266,0.09397220611572266
train,707,5.113943576812744,5.343003273010254,0.22905969619750977,0.22905969619750977
train,708,6.20412015914917,6.580165386199951,0.37604522705078125,0.37604522705078125
train,709,6.2304487228393555,5.973809719085693,-0.2566390037536621,0.2566390037536621
train,710,1.5554702281951904,1.4380037784576416,-0.11746644973754883,0.11746644973754883
train,711,5.0,4.94454288482666,-0.055457115173339844,0.055457115173339844
train,712,4.770852088928223,4.710882186889648,-0.05996990203857422,0.05996990203857422
train,713,4.562399864196777,4.694362163543701,0.13196229934692383,0.13196229934692383
train,714,6.320000171661377,6.141493797302246,-0.17850637435913086,0.17850637435913086
train,715,4.922206401824951,5.116020202636719,0.19381380081176758,0.19381380081176758
train,716,5.973127841949463,5.974573612213135,0.001445770263671875,0.001445770263671875
train,717,1.238547921180725,1.1370528936386108,-0.10149502754211426,0.10149502754211426
train,718,1.2106248140335083,2.0721004009246826,0.8614755868911743,0.8614755868911743
train,719,10.477121353149414,5.409785270690918,-5.067336082458496,5.067336082458496
train,720,7.235528469085693,7.01877498626709,-0.21675348281860352,0.21675348281860352
train,721,-0.9208187460899353,-1.0837888717651367,-0.16297012567520142,0.16297012567520142
train,722,-1.468000054359436,-1.5354821681976318,-0.0674821138381958,0.0674821138381958
train,723,4.576755046844482,4.467167377471924,-0.1095876693725586,0.1095876693725586
train,724,5.6294097900390625,5.549492359161377,-0.07991743087768555,0.07991743087768555
train,725,-0.8538719415664673,-0.758123517036438,0.0957484245300293,0.0957484245300293
train,726,4.282912731170654,3.3519816398620605,-0.9309310913085938,0.9309310913085938
train,727,8.778151512145996,9.04389762878418,0.2657461166381836,0.2657461166381836
train,728,7.041392803192139,7.115882396697998,0.07448959350585938,0.07448959350585938
train,729,3.8195438385009766,3.7804853916168213,-0.03905844688415527,0.03905844688415527
train,730,0.1760912537574768,0.23814162611961365,0.06205037236213684,0.06205037236213684
train,731,5.193338871002197,4.810442924499512,-0.38289594650268555,0.38289594650268555
train,732,2.3424227237701416,2.229078769683838,-0.11334395408630371,0.11334395408630371
train,733,0.3010300099849701,0.3989284932613373,0.09789848327636719,0.09789848327636719
train,734,0.3010300099849701,0.4386921226978302,0.1376621127128601,0.1376621127128601
train,735,-0.6382721662521362,-0.8636853098869324,-0.22541314363479614,0.22541314363479614
train,736,4.799340724945068,4.922417640686035,0.1230769157409668,0.1230769157409668
train,737,7.414973258972168,6.839688777923584,-0.575284481048584,0.575284481048584
train,738,9.045323371887207,9.178376197814941,0.13305282592773438,0.13305282592773438
train,739,6.679999828338623,6.234277248382568,-0.4457225799560547,0.4457225799560547
train,740,5.577795028686523,6.1825456619262695,0.6047506332397461,0.6047506332397461
train,741,-0.1249387338757515,-0.17473308742046356,-0.04979435354471207,0.04979435354471207
train,742,3.492077350616455,3.8241069316864014,0.3320295810699463,0.3320295810699463
train,743,5.20412015914917,4.912931442260742,-0.29118871688842773,0.29118871688842773
train,744,-0.06849999725818634,0.01692117005586624,0.08542116731405258,0.08542116731405258
train,745,4.499340534210205,4.746450424194336,0.24710988998413086,0.24710988998413086
train,746,4.602059841156006,4.6154985427856445,0.013438701629638672,0.013438701629638672
train,747,-2.045757532119751,-1.8680113554000854,0.17774617671966553,0.17774617671966553
train,748,6.505149841308594,6.455103874206543,-0.05004596710205078,0.05004596710205078
train,749,-0.12246936559677124,-0.11410099267959595,0.008368372917175293,0.008368372917175293
train,750,5.230000019073486,5.316611289978027,0.08661127090454102,0.08661127090454102
train,751,4.5797834396362305,4.137080669403076,-0.4427027702331543,0.4427027702331543
train,752,7.041392803192139,7.0310587882995605,-0.010334014892578125,0.010334014892578125
train,753,2.5199999809265137,2.242428779602051,-0.2775712013244629,0.2775712013244629
train,754,6.505149841308594,6.1819000244140625,-0.32324981689453125,0.32324981689453125
train,755,0.3010300099849701,0.3693696856498718,0.06833967566490173,0.06833967566490173
train,756,0.625,0.5613409876823425,-0.06365901231765747,0.06365901231765747
train,757,0.9493899941444397,0.8846310973167419,-0.06475889682769775,0.06475889682769775
train,758,3.9294190406799316,4.37058687210083,0.44116783142089844,0.44116783142089844
train,759,4.319709300994873,3.736567735671997,-0.583141565322876,0.583141565322876
train,760,0.9765836000442505,0.9087110161781311,-0.06787258386611938,0.06787258386611938
train,761,1.0382226705551147,0.9260419607162476,-0.11218070983886719,0.11218070983886719
train,762,2.3487720489501953,2.531646728515625,0.1828746795654297,0.1828746795654297
train,763,1.0413926839828491,1.0251843929290771,-0.016208291053771973,0.016208291053771973
train,764,4.724276065826416,3.69101619720459,-1.0332598686218262,1.0332598686218262
train,765,3.5899999141693115,3.6120071411132812,0.022007226943969727,0.022007226943969727
train,766,6.806180000305176,6.848900318145752,0.04272031784057617,0.04272031784057617
train,767,2.4000000953674316,2.5566277503967285,0.15662765502929688,0.15662765502929688
train,768,2.3018977642059326,2.094984531402588,-0.20691323280334473,0.20691323280334473
train,769,9.008600234985352,9.008886337280273,0.000286102294921875,0.000286102294921875
train,770,5.84509801864624,5.788950443267822,-0.05614757537841797,0.05614757537841797
train,771,6.20412015914917,6.136577129364014,-0.06754302978515625,0.06754302978515625
train,772,0.40199577808380127,0.39549368619918823,-0.006502091884613037,0.006502091884613037
train,773,5.477121353149414,5.27126932144165,-0.20585203170776367,0.20585203170776367
train,774,5.2304487228393555,5.187876224517822,-0.0425724983215332,0.0425724983215332
train,775,-0.2199999988079071,-0.10890839993953705,0.11109159886837006,0.11109159886837006
train,776,7.255272388458252,7.104821681976318,-0.1504507064819336,0.1504507064819336
train,777,2.949389934539795,2.9276790618896484,-0.021710872650146484,0.021710872650146484
train,778,4.877946853637695,5.2717671394348145,0.39382028579711914,0.39382028579711914
train,779,3.113943338394165,3.073881149291992,-0.04006218910217285,0.04006218910217285
train,780,1.559999942779541,1.3046296834945679,-0.25537025928497314,0.25537025928497314
train,781,6.380211353302002,6.362563610076904,-0.017647743225097656,0.017647743225097656
train,782,6.400000095367432,6.49945592880249,0.0994558334350586,0.0994558334350586
train,783,5.612783908843994,5.717109680175781,0.10432577133178711,0.10432577133178711
train,784,4.559999942779541,4.687299728393555,0.12729978561401367,0.12729978561401367
train,785,9.342422485351562,9.120862007141113,-0.22156047821044922,0.22156047821044922
train,786,6.612783908843994,6.6054863929748535,-0.007297515869140625,0.007297515869140625
train,787,1.8450980186462402,2.5466134548187256,0.7015154361724854,0.7015154361724854
train,788,1.2324999570846558,1.2795082330703735,0.04700827598571777,0.04700827598571777
train,789,4.278753757476807,4.354628562927246,0.07587480545043945,0.07587480545043945
train,790,6.279376983642578,6.319160461425781,0.039783477783203125,0.039783477783203125
train,791,5.932348728179932,5.898159503936768,-0.03418922424316406,0.03418922424316406
train,792,-0.017728766426444054,-0.08492030203342438,-0.06719153560698032,0.06719153560698032
train,793,2.4100000858306885,2.2266902923583984,-0.18330979347229004,0.18330979347229004
train,794,5.5797834396362305,5.5453715324401855,-0.03441190719604492,0.03441190719604492
train,795,2.109999895095825,2.1583733558654785,0.04837346076965332,0.04837346076965332
train,796,1.1461280584335327,1.1343135833740234,-0.011814475059509277,0.011814475059509277
train,797,3.854268789291382,3.789167881011963,-0.06510090827941895,0.06510090827941895
train,798,0.6600000262260437,0.6916242241859436,0.0316241979598999,0.0316241979598999
train,799,4.75,4.825101375579834,0.07510137557983398,0.07510137557983398
train,800,6.599999904632568,6.159919261932373,-0.4400806427001953,0.4400806427001953
train,801,3.9190781116485596,3.933528423309326,0.014450311660766602,0.014450311660766602
train,802,4.260000228881836,4.459850788116455,0.19985055923461914,0.19985055923461914
train,803,1.3010300397872925,1.124895691871643,-0.17613434791564941,0.17613434791564941
train,804,3.0,2.9822583198547363,-0.017741680145263672,0.017741680145263672
train,805,4.477121353149414,4.514340877532959,0.03721952438354492,0.03721952438354492
train,806,3.176091194152832,3.2770278453826904,0.1009366512298584,0.1009366512298584
train,807,5.913814067840576,5.840670585632324,-0.07314348220825195,0.07314348220825195
train,808,1.0,0.8064718842506409,-0.19352811574935913,0.19352811574935913
train,809,1.0,0.1779724359512329,-0.8220275640487671,0.8220275640487671
train,810,2.792391777038574,2.805326461791992,0.012934684753417969,0.012934684753417969
train,811,5.176091194152832,3.440173625946045,-1.735917568206787,1.735917568206787
train,812,2.431363821029663,2.5566277503967285,0.12526392936706543,0.12526392936706543
train,813,4.146128177642822,4.02786111831665,-0.11826705932617188,0.11826705932617188
train,814,2.732393741607666,2.6974003314971924,-0.03499341011047363,0.03499341011047363
train,815,-1.0,-0.9928692579269409,0.007130742073059082,0.007130742073059082
train,816,-0.1249387338757515,-0.14530180394649506,-0.02036307007074356,0.02036307007074356
train,817,0.4771212637424469,0.4618362784385681,-0.015284985303878784,0.015284985303878784
train,818,0.3010300099849701,0.3989284932613373,0.09789848327636719,0.09789848327636719
train,819,1.1461280584335327,1.1343135833740234,-0.011814475059509277,0.011814475059509277
train,820,1.954242467880249,1.9763705730438232,0.02212810516357422,0.02212810516357422
train,821,1.9190781116485596,4.539244651794434,2.620166540145874,2.620166540145874
train,822,5.20412015914917,5.170229434967041,-0.033890724182128906,0.033890724182128906
train,823,6.505149841308594,6.130170822143555,-0.37497901916503906,0.37497901916503906
train,824,5.0,4.833079814910889,-0.16692018508911133,0.16692018508911133
train,825,2.5185139179229736,2.431408405303955,-0.08710551261901855,0.08710551261901855
train,826,3.792391777038574,3.811513900756836,0.01912212371826172,0.01912212371826172
train,827,3.5440680980682373,3.824493885040283,0.2804257869720459,0.2804257869720459
train,828,1.0,0.8785904049873352,-0.1214095950126648,0.1214095950126648
train,829,-1.0,-1.0693503618240356,-0.06935036182403564,0.06935036182403564
train,830,0.3010300099849701,0.44257912039756775,0.14154911041259766,0.14154911041259766
train,831,-4.522878646850586,-3.937548875808716,0.5853297710418701,0.5853297710418701
train,832,6.0,6.005475044250488,0.005475044250488281,0.005475044250488281
train,833,5.477121353149414,5.462766170501709,-0.014355182647705078,0.014355182647705078
train,834,4.579999923706055,4.676726341247559,0.0967264175415039,0.0967264175415039
train,835,6.179999828338623,4.807652473449707,-1.372347354888916,1.372347354888916
train,836,6.409999847412109,6.069912433624268,-0.3400874137878418,0.3400874137878418
train,837,4.579999923706055,4.505463600158691,-0.07453632354736328,0.07453632354736328
train,838,5.159999847412109,5.226710796356201,0.0667109489440918,0.0667109489440918
train,839,5.329999923706055,5.269608020782471,-0.060391902923583984,0.060391902923583984
train,840,5.420000076293945,5.2740583419799805,-0.14594173431396484,0.14594173431396484
train,841,5.090000152587891,5.213508129119873,0.12350797653198242,0.12350797653198242
train,842,5.269999980926514,5.269608020782471,-0.00039196014404296875,0.00039196014404296875
train,843,5.510000228881836,5.242651462554932,-0.2673487663269043,0.2673487663269043
train,844,6.300000190734863,6.328980445861816,0.028980255126953125,0.028980255126953125
train,845,9.0,9.008886337280273,0.008886337280273438,0.008886337280273438
train,846,2.5999999046325684,2.9065122604370117,0.30651235580444336,0.30651235580444336
train,847,6.400000095367432,6.49945592880249,0.0994558334350586,0.0994558334350586
train,848,2.680000066757202,2.567721366882324,-0.11227869987487793,0.11227869987487793
train,849,9.119999885559082,9.103813171386719,-0.01618671417236328,0.01618671417236328
train,850,4.190000057220459,4.736752033233643,0.5467519760131836,0.5467519760131836
train,851,5.340000152587891,5.253006935119629,-0.08699321746826172,0.08699321746826172
train,852,1.5700000524520874,1.6910830736160278,0.12108302116394043,0.12108302116394043
train,853,1.149999976158142,1.0326638221740723,-0.11733615398406982,0.11733615398406982
train,854,3.109999895095825,3.056612730026245,-0.05338716506958008,0.05338716506958008
train,855,2.491361618041992,3.061408519744873,0.5700469017028809,0.5700469017028809
train,856,-0.6989700198173523,-0.6316732168197632,0.06729680299758911,0.06729680299758911
train,857,-0.2441251426935196,-0.19714048504829407,0.046984657645225525,0.046984657645225525
train,858,-0.3467874825000763,-0.3999152183532715,-0.05312773585319519,0.05312773585319519
train,859,-0.1426675021648407,-0.26418209075927734,-0.12151458859443665,0.12151458859443665
train,860,-0.11350927501916885,-0.07426385581493378,0.03924541920423508,0.03924541920423508
train,861,-4.221848964691162,-4.307699203491211,-0.08585023880004883,0.08585023880004883
train,862,2.3424227237701416,2.229078769683838,-0.11334395408630371,0.11334395408630371
train,863,2.792391777038574,2.9885613918304443,0.19616961479187012,0.19616961479187012
train,864,-2.522878646850586,-2.280311346054077,0.2425673007965088,0.2425673007965088
train,865,-3.301029920578003,-3.4741461277008057,-0.17311620712280273,0.17311620712280273
train,866,0.3010300099849701,0.3960540294647217,0.09502401947975159,0.09502401947975159
train,867,0.36172783374786377,0.5888064503669739,0.2270786166191101,0.2270786166191101
train,868,3.913813829421997,4.059390068054199,0.14557623863220215,0.14557623863220215
train,869,2.176091194152832,2.0649242401123047,-0.11116695404052734,0.11116695404052734
train,870,1.3802112340927124,1.3080413341522217,-0.07216989994049072,0.07216989994049072
train,871,1.113943338394165,1.1835858821868896,0.06964254379272461,0.06964254379272461
train,872,-0.2218487560749054,-0.3074105679988861,-0.08556181192398071,0.08556181192398071
train,873,0.2041199803352356,0.10693849623203278,-0.09718148410320282,0.09718148410320282
train,874,0.4771212637424469,0.4618362784385681,-0.015284985303878784,0.015284985303878784
train,875,-0.1249387338757515,-0.17473308742046356,-0.04979435354471207,0.04979435354471207
train,876,0.04139268398284912,0.0311267152428627,-0.01026596873998642,0.01026596873998642
train,877,0.0791812464594841,0.026026859879493713,-0.05315438657999039,0.05315438657999039
train,878,1.0413926839828491,1.0251843929290771,-0.016208291053771973,0.016208291053771973
train,879,1.1461280584335327,1.1343135833740234,-0.011814475059509277,0.011814475059509277
train,880,1.973127841949463,2.006284713745117,0.0331568717956543,0.0331568717956543
train,881,2.146127939224243,2.1178019046783447,-0.028326034545898438,0.028326034545898438
train,882,2.462398052215576,2.678335666656494,0.21593761444091797,0.21593761444091797
train,883,2.602060079574585,2.561429738998413,-0.040630340576171875,0.040630340576171875
train,884,2.778151273727417,3.3519816398620605,0.5738303661346436,0.5738303661346436
train,885,2.778151273727417,2.7248480319976807,-0.05330324172973633,0.05330324172973633
train,886,4.477121353149414,4.502718448638916,0.025597095489501953,0.025597095489501953
train,887,3.477121353149414,3.2907516956329346,-0.1863696575164795,0.1863696575164795
train,888,2.903090000152588,3.061408519744873,0.15831851959228516,0.15831851959228516
train,889,2.0413928031921387,2.0232057571411133,-0.01818704605102539,0.01818704605102539
train,890,3.0,3.330829381942749,0.330829381942749,0.330829381942749
train,891,3.7558748722076416,3.061408519744873,-0.6944663524627686,0.6944663524627686
train,892,5.0,4.94454288482666,-0.055457115173339844,0.055457115173339844
train,893,5.07918119430542,5.0850677490234375,0.005886554718017578,0.005886554718017578
train,894,5.255272388458252,5.388617515563965,0.1333451271057129,0.1333451271057129
train,895,-2.0,-1.9667352437973022,0.033264756202697754,0.033264756202697754
train,896,-0.4317982792854309,-0.4133341312408447,0.01846414804458618,0.01846414804458618
train,897,-0.0969100147485733,-0.19665133953094482,-0.09974132478237152,0.09974132478237152
train,898,0.2787536084651947,0.5646765828132629,0.28592297434806824,0.28592297434806824
train,899,-1.0,-0.9625630378723145,0.03743696212768555,0.03743696212768555
train,900,0.3979400098323822,0.38598597049713135,-0.011954039335250854,0.011954039335250854
train,901,0.9030900001525879,0.8815510272979736,-0.021538972854614258,0.021538972854614258
train,902,-2.301029920578003,-2.4011881351470947,-0.1001582145690918,0.1001582145690918
train,903,-1.0,-1.0693503618240356,-0.06935036182403564,0.06935036182403564
train,904,-1.6989699602127075,-1.6558252573013306,0.04314470291137695,0.04314470291137695
train,905,-1.0,-1.051878571510315,-0.05187857151031494,0.05187857151031494
train,906,-1.5228787660598755,-1.5874977111816406,-0.06461894512176514,0.06461894512176514
train,907,-1.221848726272583,-1.1738990545272827,0.04794967174530029,0.04794967174530029
train,908,-1.1549019813537598,-1.079857349395752,0.07504463195800781,0.07504463195800781
train,909,-0.4948500096797943,-0.4285210072994232,0.0663290023803711,0.0663290023803711
train,910,5.301030158996582,5.206718444824219,-0.09431171417236328,0.09431171417236328
train,911,-0.9172146320343018,-0.5610557198524475,0.35615891218185425,0.35615891218185425
train,912,0.6273658275604248,-0.00045277178287506104,-0.6278185993432999,0.6278185993432999
train,913,-1.3979400396347046,-1.4004132747650146,-0.0024732351303100586,0.0024732351303100586
train,914,-1.8239086866378784,-2.0351085662841797,-0.21119987964630127,0.21119987964630127
train,915,3.7651467323303223,3.998650312423706,0.2335035800933838,0.2335035800933838
train,916,3.431041955947876,3.851139545440674,0.42009758949279785,0.42009758949279785
train,917,3.9320271015167236,4.062366008758545,0.1303389072418213,0.1303389072418213
train,918,3.6122496128082275,3.4071316719055176,-0.20511794090270996,0.20511794090270996
train,919,3.8516228199005127,3.8151376247406006,-0.03648519515991211,0.03648519515991211
train,920,3.757927179336548,3.885232448577881,0.127305269241333,0.127305269241333
train,921,3.352607011795044,3.2306084632873535,-0.12199854850769043,0.12199854850769043
train,922,3.7784407138824463,3.824305534362793,0.04586482048034668,0.04586482048034668
train,923,3.512017011642456,3.3768463134765625,-0.13517069816589355,0.13517069816589355
train,924,3.4101526737213135,3.2102174758911133,-0.1999351978302002,0.1999351978302002
train,925,3.751479148864746,3.7152647972106934,-0.036214351654052734,0.036214351654052734
train,926,5.436795234680176,5.328602313995361,-0.10819292068481445,0.10819292068481445
train,927,4.323808670043945,4.146912574768066,-0.1768960952758789,0.1768960952758789
train,928,3.66501784324646,3.6597516536712646,-0.0052661895751953125,0.0052661895751953125
train,929,4.3893256187438965,4.502877235412598,0.11355161666870117,0.11355161666870117
train,930,4.975638389587402,4.525538444519043,-0.4500999450683594,0.4500999450683594
train,931,4.571429252624512,4.70140266418457,0.1299734115600586,0.1299734115600586
train,932,4.554986953735352,4.70140266418457,0.14641571044921875,0.14641571044921875
train,933,4.970072269439697,5.050734996795654,0.08066272735595703,0.08066272735595703
train,934,4.583878517150879,4.758569240570068,0.17469072341918945,0.17469072341918945
train,935,3.876650810241699,3.9658710956573486,0.08922028541564941,0.08922028541564941
train,936,3.8171420097351074,4.038626670837402,0.22148466110229492,0.22148466110229492
train,937,3.8404197692871094,3.9658710956573486,0.12545132637023926,0.12545132637023926
train,938,3.698796272277832,3.492663860321045,-0.2061324119567871,0.2061324119567871
train,939,9.117271423339844,9.095699310302734,-0.021572113037109375,0.021572113037109375
train,940,7.450249195098877,7.108026027679443,-0.3422231674194336,0.3422231674194336
train,941,1.8450980186462402,1.7361111640930176,-0.10898685455322266,0.10898685455322266
train,942,0.230448916554451,0.4145877957344055,0.18413887917995453,0.18413887917995453
train,943,1.9299296140670776,1.8617290258407593,-0.06820058822631836,0.06820058822631836
train,944,5.086359977722168,5.041553020477295,-0.04480695724487305,0.04480695724487305
train,945,3.346353054046631,3.4387102127075195,0.09235715866088867,0.09235715866088867
train,946,6.764176368713379,6.810446262359619,0.046269893646240234,0.046269893646240234
train,947,7.146128177642822,7.11611795425415,-0.030010223388671875,0.030010223388671875
train,948,4.87506103515625,4.816851615905762,-0.05820941925048828,0.05820941925048828
train,949,3.8512582778930664,4.1959547996521,0.3446965217590332,0.3446965217590332
train,950,3.477121353149414,4.1959547996521,0.7188334465026855,0.7188334465026855
train,951,4.07918119430542,4.196228504180908,0.11704730987548828,0.11704730987548828
train,952,5.5314788818359375,4.1959547996521,-1.335524082183838,1.335524082183838
train,953,4.278753757476807,4.330039024353027,0.0512852668762207,0.0512852668762207
train,954,5.113943576812744,4.37058687210083,-0.7433567047119141,0.7433567047119141
train,955,3.71600341796875,4.154517650604248,0.43851423263549805,0.43851423263549805
train,956,5.556302547454834,5.371321201324463,-0.1849813461303711,0.1849813461303711
train,957,4.623249053955078,4.582106590270996,-0.04114246368408203,0.04114246368408203
train,958,4.0,4.371655464172363,0.3716554641723633,0.3716554641723633
train,959,3.9190781116485596,4.026384353637695,0.10730624198913574,0.10730624198913574
train,960,5.2304487228393555,4.929305553436279,-0.30114316940307617,0.30114316940307617
train,961,5.6434526443481445,5.649579048156738,0.00612640380859375,0.00612640380859375
train,962,6.301030158996582,6.1415276527404785,-0.15950250625610352,0.15950250625610352
train,963,5.892094612121582,5.851075649261475,-0.04101896286010742,0.04101896286010742
train,964,5.255272388458252,5.323441505432129,0.06816911697387695,0.06816911697387695
train,965,5.301030158996582,5.286377906799316,-0.014652252197265625,0.014652252197265625
train,966,3.8325088024139404,3.7863059043884277,-0.046202898025512695,0.046202898025512695
train,967,3.6232492923736572,3.749762535095215,0.12651324272155762,0.12651324272155762
train,968,2.3617279529571533,2.323892831802368,-0.037835121154785156,0.037835121154785156
train,969,2.6901960372924805,2.672938823699951,-0.017257213592529297,0.017257213592529297
train,970,2.301029920578003,2.4511725902557373,0.15014266967773438,0.15014266967773438
train,971,2.204119920730591,2.2672464847564697,0.0631265640258789,0.0631265640258789
train,972,3.7403626441955566,4.1959547996521,0.45559215545654297,0.45559215545654297
train,973,5.113943576812744,4.37058687210083,-0.7433567047119141,0.7433567047119141
train,974,3.71600341796875,4.154517650604248,0.43851423263549805,0.43851423263549805
train,975,4.447157859802246,4.582106590270996,0.13494873046875,0.13494873046875
train,976,4.518514156341553,4.582106590270996,0.06359243392944336,0.06359243392944336
train,977,4.623249053955078,4.582106590270996,-0.04114246368408203,0.04114246368408203
train,978,4.71600341796875,4.582106590270996,-0.1338968276977539,0.1338968276977539
train,979,5.2304487228393555,4.929305553436279,-0.30114316940307617,0.30114316940307617
train,980,5.477121353149414,5.649579048156738,0.17245769500732422,0.17245769500732422
train,981,5.568201541900635,5.649579048156738,0.08137750625610352,0.08137750625610352
train,982,5.6434526443481445,5.649579048156738,0.00612640380859375,0.00612640380859375
train,983,5.71600341796875,5.649579048156738,-0.06642436981201172,0.06642436981201172
train,984,6.301030158996582,6.1415276527404785,-0.15950250625610352,0.15950250625610352
train,985,5.146128177642822,5.286377906799316,0.14024972915649414,0.14024972915649414
train,986,5.20412015914917,5.286377906799316,0.08225774765014648,0.08225774765014648
train,987,5.301030158996582,5.286377906799316,-0.014652252197265625,0.014652252197265625
train,988,5.361727714538574,5.286377906799316,-0.07534980773925781,0.07534980773925781
train,989,3.875061273574829,3.8782825469970703,0.003221273422241211,0.003221273422241211
train,990,4.672097682952881,4.376675605773926,-0.2954220771789551,0.2954220771789551
train,991,3.3222193717956543,3.210170269012451,-0.11204910278320312,0.11204910278320312
train,992,2.954242467880249,2.8423917293548584,-0.11185073852539062,0.11185073852539062
train,993,2.176091194152832,2.102203130722046,-0.07388806343078613,0.07388806343078613
train,994,3.301029920578003,3.157071590423584,-0.14395833015441895,0.14395833015441895
train,995,1.07918119430542,1.0600206851959229,-0.01916050910949707,0.01916050910949707
train,996,2.176091194152832,2.35366153717041,0.17757034301757812,0.17757034301757812
train,997,1.0413926839828491,0.9442097544670105,-0.09718292951583862,0.09718292951583862
train,998,-0.3010300099849701,-0.39803242683410645,-0.09700241684913635,0.09700241684913635
train,999,6.176091194152832,6.206944942474365,0.030853748321533203,0.030853748321533203
train,1000,1.113943338394165,1.132870078086853,0.01892673969268799,0.01892673969268799
train,1001,-0.9394999742507935,-0.9781714677810669,-0.03867149353027344,0.03867149353027344
train,1002,3.9200000762939453,3.858557939529419,-0.06144213676452637,0.06144213676452637
train,1003,-2.299999952316284,-2.3238134384155273,-0.023813486099243164,0.023813486099243164
train,1004,3.375185012817383,3.3395607471466064,-0.03562426567077637,0.03562426567077637
train,1005,2.602060079574585,2.561429738998413,-0.040630340576171875,0.040630340576171875
train,1006,3.176090955734253,3.2063491344451904,0.0302581787109375,0.0302581787109375
train,1007,5.973127841949463,6.064207553863525,0.0910797119140625,0.0910797119140625
train,1008,2.8450980186462402,2.760939121246338,-0.08415889739990234,0.08415889739990234
train,1009,-2.280669927597046,-2.1326000690460205,0.1480698585510254,0.1480698585510254
train,1010,3.450000047683716,3.3217928409576416,-0.12820720672607422,0.12820720672607422
train,1011,3.4000000953674316,3.4939723014831543,0.09397220611572266,0.09397220611572266
train,1012,6.610000133514404,6.766539096832275,0.1565389633178711,0.1565389633178711
train,1013,0.47999998927116394,0.4489484131336212,-0.031051576137542725,0.031051576137542725
train,1014,5.230000019073486,5.372615337371826,0.14261531829833984,0.14261531829833984
train,1015,7.03000020980835,6.788818359375,-0.2411818504333496,0.2411818504333496
train,1016,6.289999961853027,6.580165386199951,0.29016542434692383,0.29016542434692383
train,1017,9.56229305267334,9.467927932739258,-0.09436511993408203,0.09436511993408203
train,1018,9.57736873626709,9.508424758911133,-0.06894397735595703,0.06894397735595703
train,1019,6.230449199676514,5.973809719085693,-0.2566394805908203,0.2566394805908203
train,1020,5.340000152587891,5.973809719085693,0.6338095664978027,0.6338095664978027
train,1021,0.03999999910593033,-0.08658909797668457,-0.1265890970826149,0.1265890970826149
train,1022,4.900000095367432,5.013448715209961,0.1134486198425293,0.1134486198425293
train,1023,5.260000228881836,5.225411415100098,-0.03458881378173828,0.03458881378173828
train,1024,4.0,4.249524116516113,0.24952411651611328,0.24952411651611328
train,1025,0.30000001192092896,0.3347280025482178,0.03472799062728882,0.03472799062728882
train,1026,6.301030158996582,6.280548095703125,-0.02048206329345703,0.02048206329345703
train,1027,6.8167338371276855,6.932370185852051,0.11563634872436523,0.11563634872436523
train,1028,-0.10000000149011612,-0.07915222644805908,0.020847775042057037,0.020847775042057037
train,1029,4.770852088928223,4.710882186889648,-0.05996990203857422,0.05996990203857422
train,1030,0.9300000071525574,0.8046241402626038,-0.1253758668899536,0.1253758668899536
train,1031,2.505150079727173,2.3878233432769775,-0.11732673645019531,0.11732673645019531
train,1032,0.0,0.04240807145833969,0.04240807145833969,0.04240807145833969
train,1033,7.110000133514404,7.028440952301025,-0.0815591812133789,0.0815591812133789
train,1034,2.9000000953674316,3.060807704925537,0.16080760955810547,0.16080760955810547
train,1035,4.320146083831787,4.522869110107422,0.20272302627563477,0.20272302627563477
train,1036,-1.2400000095367432,-1.0348109006881714,0.20518910884857178,0.20518910884857178
train,1037,4.315677165985107,4.17189884185791,-0.14377832412719727,0.14377832412719727
train,1038,6.8325090408325195,6.684528350830078,-0.1479806900024414,0.1479806900024414
train,1039,7.340444087982178,7.4021992683410645,0.06175518035888672,0.06175518035888672
train,1040,4.217483997344971,4.188843727111816,-0.028640270233154297,0.028640270233154297
train,1041,4.940000057220459,5.395240783691406,0.45524072647094727,0.45524072647094727
train,1042,5.161367893218994,4.99170446395874,-0.1696634292602539,0.1696634292602539
train,1043,-1.1548999547958374,-1.079857349395752,0.07504260540008545,0.07504260540008545
train,1044,4.477120876312256,4.7509284019470215,0.2738075256347656,0.2738075256347656
train,1045,8.301030158996582,8.41044807434082,0.10941791534423828,0.10941791534423828
train,1046,1.0755469799041748,1.0138064622879028,-0.06174051761627197,0.06174051761627197
train,1047,0.18469099700450897,0.15066570043563843,-0.034025296568870544,0.034025296568870544
train,1048,0.3979400098323822,0.4601811170578003,0.06224110722541809,0.06224110722541809
train,1049,0.5024269819259644,0.6011703014373779,0.09874331951141357,0.09874331951141357
train,1050,0.947924017906189,0.951397180557251,0.0034731626510620117,0.0034731626510620117
train,1051,1.149999976158142,1.1676310300827026,0.017631053924560547,0.017631053924560547
train,1052,3.5399999618530273,3.721475601196289,0.18147563934326172,0.18147563934326172
train,1053,4.28000020980835,4.375139236450195,0.0951390266418457,0.0951390266418457
train,1054,0.699999988079071,1.036742925643921,0.33674293756484985,0.33674293756484985
train,1055,-0.46000000834465027,0.1779724359512329,0.6379724442958832,0.6379724442958832
train,1056,-1.7000000476837158,-1.5411806106567383,0.15881943702697754,0.15881943702697754
train,1057,6.389999866485596,6.3458051681518555,-0.044194698333740234,0.044194698333740234
train,1058,3.559999942779541,3.66947078704834,0.10947084426879883,0.10947084426879883
train,1059,2.4700000286102295,2.4006996154785156,-0.06930041313171387,0.06930041313171387
train,1060,1.5299999713897705,1.8241733312606812,0.29417335987091064,0.29417335987091064
train,1061,4.110000133514404,4.9358134269714355,0.8258132934570312,0.8258132934570312
train,1062,1.2999999523162842,1.424301266670227,0.12430131435394287,0.12430131435394287
train,1063,-0.4000000059604645,-0.5089810490608215,-0.10898104310035706,0.10898104310035706
train,1064,4.579999923706055,5.150547981262207,0.5705480575561523,0.5705480575561523
train,1065,2.7799999713897705,4.14951229095459,1.3695123195648193,1.3695123195648193
train,1066,6.581581115722656,6.445599555969238,-0.13598155975341797,0.13598155975341797
train,1067,8.229999542236328,8.34652328491211,0.11652374267578125,0.11652374267578125
train,1068,5.8325090408325195,5.823256492614746,-0.009252548217773438,0.009252548217773438
train,1069,5.949999809265137,5.2777180671691895,-0.6722817420959473,0.6722817420959473
train,1070,6.5,6.531347274780273,0.03134727478027344,0.03134727478027344
train,1071,5.9439802169799805,5.1300249099731445,-0.8139553070068359,0.8139553070068359
train,1072,9.834421157836914,9.556299209594727,-0.2781219482421875,0.2781219482421875
train,1073,4.579999923706055,5.1300249099731445,0.5500249862670898,0.5500249862670898
train,1074,3.630000114440918,3.4322028160095215,-0.19779729843139648,0.19779729843139648
train,1075,2.1500000953674316,2.125694513320923,-0.02430558204650879,0.02430558204650879
train,1076,2.1500000953674316,2.1437478065490723,-0.006252288818359375,0.006252288818359375
train,1077,-0.6399999856948853,-0.5695452690124512,0.07045471668243408,0.07045471668243408
train,1078,2.409425973892212,2.435861825942993,0.02643585205078125,0.02643585205078125
train,1079,5.20412015914917,4.911957740783691,-0.2921624183654785,0.2921624183654785
train,1080,1.0800000429153442,1.0903147459030151,0.010314702987670898,0.010314702987670898
train,1081,1.2000000476837158,1.182397723197937,-0.01760232448577881,0.01760232448577881
train,1082,-2.5228800773620605,-2.604904890060425,-0.08202481269836426,0.08202481269836426
train,1083,4.20412015914917,4.126011371612549,-0.0781087875366211,0.0781087875366211
train,1084,3.4000000953674316,3.476102352142334,0.07610225677490234,0.07610225677490234
train,1085,2.0,2.0721004009246826,0.07210040092468262,0.07210040092468262
train,1086,2.5399999618530273,2.5719614028930664,0.03196144104003906,0.03196144104003906
train,1087,5.041392803192139,4.915403366088867,-0.12598943710327148,0.12598943710327148
train,1088,0.4000000059604645,0.3870948851108551,-0.012905120849609375,0.012905120849609375
train,1089,3.5899500846862793,3.624943971633911,0.034993886947631836,0.034993886947631836
train,1090,9.045323371887207,9.024685859680176,-0.02063751220703125,0.02063751220703125
train,1091,2.3399999141693115,2.178243398666382,-0.1617565155029297,0.1617565155029297
train,1092,0.15000000596046448,0.018648594617843628,-0.13135141134262085,0.13135141134262085
train,1093,2.7200000286102295,2.935177803039551,0.2151777744293213,0.2151777744293213
train,1094,4.939760208129883,4.995001316070557,0.05524110794067383,0.05524110794067383
train,1095,-0.6800000071525574,-0.359429270029068,0.3205707371234894,0.3205707371234894
train,1096,4.939518928527832,4.995001316070557,0.05548238754272461,0.05548238754272461
train,1097,5.230449199676514,5.108147621154785,-0.12230157852172852,0.12230157852172852
train,1098,0.5699999928474426,0.4399653971195221,-0.13003459572792053,0.13003459572792053
train,1099,3.2799999713897705,3.1967933177948,-0.0832066535949707,0.0832066535949707
train,1100,0.9637879729270935,0.961854100227356,-0.0019338726997375488,0.0019338726997375488
train,1101,0.18000000715255737,0.23622938990592957,0.05622938275337219,0.05622938275337219
train,1102,7.230224132537842,7.21168851852417,-0.018535614013671875,0.018535614013671875
train,1103,1.7000000476837158,1.5448192358016968,-0.15518081188201904,0.15518081188201904
train,1104,-0.06849999725818634,0.01692117005586624,0.08542116731405258,0.08542116731405258
train,1105,2.7300000190734863,2.6974003314971924,-0.032599687576293945,0.032599687576293945
train,1106,4.51265287399292,4.929305553436279,0.4166526794433594,0.4166526794433594
train,1107,4.602059841156006,4.6154985427856445,0.013438701629638672,0.013438701629638672
train,1108,1.7899999618530273,1.297776699066162,-0.49222326278686523,0.49222326278686523
train,1109,-1.0,-1.6887820959091187,-0.6887820959091187,0.6887820959091187
train,1110,2.740000009536743,2.546656370162964,-0.1933436393737793,0.1933436393737793
train,1111,1.600000023841858,1.5721088647842407,-0.027891159057617188,0.027891159057617188
train,1112,3.1500000953674316,3.1435933113098145,-0.0064067840576171875,0.0064067840576171875
train,1113,6.417500019073486,6.455103874206543,0.03760385513305664,0.03760385513305664
train,1114,3.5440680980682373,3.6041572093963623,0.060089111328125,0.060089111328125
train,1115,-0.6600000262260437,-0.8186172842979431,-0.15861725807189941,0.15861725807189941
train,1116,-1.1200000047683716,-1.071082592010498,0.048917412757873535,0.048917412757873535
train,1117,-0.6200000047683716,-0.8186172842979431,-0.19861727952957153,0.19861727952957153
train,1118,-0.6399999856948853,-0.6801148056983948,-0.04011482000350952,0.04011482000350952
train,1119,-0.7699999809265137,-0.586402952671051,0.18359702825546265,0.18359702825546265
train,1120,-1.059999942779541,-0.8679842948913574,0.1920156478881836,0.1920156478881836
train,1121,-1.0362099409103394,-0.6961211562156677,0.34008878469467163,0.34008878469467163
train,1122,-1.5199999809265137,-1.3354921340942383,0.1845078468322754,0.1845078468322754
train,1123,-0.05000000074505806,-0.15695810317993164,-0.10695810243487358,0.10695810243487358
train,1124,3.5199999809265137,3.6754138469696045,0.15541386604309082,0.15541386604309082
train,1125,-0.46000000834465027,-0.33747780323028564,0.12252220511436462,0.12252220511436462
train,1126,-1.0,-0.810112714767456,0.18988728523254395,0.18988728523254395
train,1127,0.03999999910593033,0.35576310753822327,0.31576310843229294,0.31576310843229294
train,1128,5.079999923706055,5.046801567077637,-0.03319835662841797,0.03319835662841797
train,1129,0.568202018737793,0.7672969102859497,0.19909489154815674,0.19909489154815674
train,1130,4.301030158996582,3.9774603843688965,-0.32356977462768555,0.32356977462768555
train,1131,6.380000114440918,6.510470390319824,0.13047027587890625,0.13047027587890625
train,1132,-0.6200000047683716,-0.6511881351470947,-0.031188130378723145,0.031188130378723145
train,1133,2.4800000190734863,3.440173625946045,0.9601736068725586,0.9601736068725586
train,1134,1.190000057220459,1.3216253519058228,0.13162529468536377,0.13162529468536377
train,1135,0.7599999904632568,0.788713812828064,0.02871382236480713,0.02871382236480713
train,1136,5.900000095367432,5.962369918823242,0.06236982345581055,0.06236982345581055
train,1137,5.20412015914917,5.3145856857299805,0.11046552658081055,0.11046552658081055
train,1138,0.3010300099849701,0.3381745219230652,0.03714451193809509,0.03714451193809509
train,1139,9.589949607849121,9.43042278289795,-0.15952682495117188,0.15952682495117188
train,1140,9.627366065979004,9.707578659057617,0.08021259307861328,0.08021259307861328
train,1141,-0.11350999772548676,-0.07426385581493378,0.03924614191055298,0.03924614191055298
train,1142,-0.14267000555992126,-0.26418209075927734,-0.12151208519935608,0.12151208519935608
train,1143,-0.4318000078201294,-0.4133341312408447,0.018465876579284668,0.018465876579284668
train,1144,6.041392803192139,6.0278191566467285,-0.013573646545410156,0.013573646545410156
train,1145,-0.3700000047683716,-0.6901819109916687,-0.3201819062232971,0.3201819062232971
train,1146,1.149999976158142,1.2226282358169556,0.07262825965881348,0.07262825965881348
train,1147,-0.10513000190258026,-0.1598523110151291,-0.05472230911254883,0.05472230911254883
train,1148,2.4200000762939453,2.3106093406677246,-0.1093907356262207,0.1093907356262207
train,1149,2.1600000858306885,1.9425557851791382,-0.2174443006515503,0.2174443006515503
train,1150,3.9542429447174072,4.121349334716797,0.16710638999938965,0.16710638999938965
train,1151,0.8100000023841858,0.649949312210083,-0.16005069017410278,0.16005069017410278
train,1152,3.9800000190734863,3.9780564308166504,-0.0019435882568359375,0.0019435882568359375
train,1153,-1.0,-0.9625630378723145,0.03743696212768555,0.03743696212768555
train,1154,-2.0,-1.9806115627288818,0.019388437271118164,0.019388437271118164
train,1155,1.4500000476837158,1.6243112087249756,0.17431116104125977,0.17431116104125977
train,1156,4.199999809265137,4.23922872543335,0.03922891616821289,0.03922891616821289
train,1157,-0.009999999776482582,-0.0030015110969543457,0.006998488679528236,0.006998488679528236
train,1158,5.568202018737793,5.342530727386475,-0.22567129135131836,0.22567129135131836
train,1159,6.360000133514404,6.179450035095215,-0.18055009841918945,0.18055009841918945
train,1160,0.699999988079071,0.7122998833656311,0.012299895286560059,0.012299895286560059
train,1161,0.9822710156440735,1.1215263605117798,0.1392553448677063,0.1392553448677063
train,1162,1.0382230281829834,0.9260419607162476,-0.11218106746673584,0.11218106746673584
train,1163,1.3424229621887207,1.2722386121749878,-0.07018435001373291,0.07018435001373291
train,1164,2.3487720489501953,2.531646728515625,0.1828746795654297,0.1828746795654297
train,1165,2.369999885559082,2.367443323135376,-0.0025565624237060547,0.0025565624237060547
train,1166,0.6200000047683716,0.5584074258804321,-0.06159257888793945,0.06159257888793945
train,1167,0.5400000214576721,0.5079485177993774,-0.03205150365829468,0.03205150365829468
train,1168,2.1500000953674316,2.035804510116577,-0.11419558525085449,0.11419558525085449
train,1169,2.3399999141693115,2.183976650238037,-0.15602326393127441,0.15602326393127441
train,1170,5.260000228881836,5.225411415100098,-0.03458881378173828,0.03458881378173828
train,1171,2.509999990463257,2.4719865322113037,-0.038013458251953125,0.038013458251953125
train,1172,-1.409999966621399,-1.2862193584442139,0.12378060817718506,0.12378060817718506
train,1173,0.15549999475479126,0.2186872959136963,0.06318730115890503,0.06318730115890503
train,1174,-0.2441300004720688,-0.19714048504829407,0.04698951542377472,0.04698951542377472
train,1175,2.049999952316284,1.916272759437561,-0.13372719287872314,0.13372719287872314
train,1176,2.7300000190734863,2.838575601577759,0.10857558250427246,0.10857558250427246
train,1177,0.4300000071525574,0.3938332498073578,-0.036166757345199585,0.036166757345199585
train,1178,-1.7000000476837158,-1.7612762451171875,-0.06127619743347168,0.06127619743347168
train,1179,-1.619789958000183,-1.5985989570617676,0.021191000938415527,0.021191000938415527
train,1180,4.590000152587891,4.49103307723999,-0.09896707534790039,0.09896707534790039
train,1181,-1.0499999523162842,-1.0014368295669556,0.04856312274932861,0.04856312274932861
train,1182,0.04139300063252449,0.0311267152428627,-0.010266285389661789,0.010266285389661789
train,1183,2.447158098220825,3.8180480003356934,1.3708899021148682,1.3708899021148682
train,1184,0.30799999833106995,0.11894556879997253,-0.1890544295310974,0.1890544295310974
train,1185,0.8500000238418579,0.6949566602706909,-0.155043363571167,0.155043363571167
train,1186,-1.1200000047683716,-1.1010650396347046,0.018934965133666992,0.018934965133666992
train,1187,0.5400000214576721,0.6477290391921997,0.10772901773452759,0.10772901773452759
train,1188,0.7799999713897705,0.8474569320678711,0.06745696067810059,0.06745696067810059
train,1189,4.886233806610107,4.844358921051025,-0.04187488555908203,0.04187488555908203
train,1190,5.989999771118164,4.539244651794434,-1.4507551193237305,1.4507551193237305
train,1191,9.602060317993164,9.342994689941406,-0.2590656280517578,0.2590656280517578
train,1192,0.30000001192092896,0.3347280025482178,0.03472799062728882,0.03472799062728882
train,1193,0.9200000166893005,1.0960164070129395,0.17601639032363892,0.17601639032363892
train,1194,-0.5099999904632568,-0.727059543132782,-0.21705955266952515,0.21705955266952515
train,1195,0.9030900001525879,0.8815510272979736,-0.021538972854614258,0.021538972854614258
train,1196,4.590000152587891,4.471637725830078,-0.1183624267578125,0.1183624267578125
train,1197,2.559999942779541,2.4012837409973145,-0.15871620178222656,0.15871620178222656
train,1198,4.320000171661377,4.257392406463623,-0.0626077651977539,0.0626077651977539
train,1199,5.880000114440918,4.45464563369751,-1.4253544807434082,1.4253544807434082
train,1200,-1.399999976158142,-1.2806100845336914,0.11938989162445068,0.11938989162445068
train,1201,5.460000038146973,5.332330226898193,-0.1276698112487793,0.1276698112487793
train,1202,3.4795000553131104,4.807652473449707,1.3281524181365967,1.3281524181365967
train,1203,3.6806209087371826,3.8338074684143066,0.15318655967712402,0.15318655967712402
train,1204,0.4300000071525574,0.3345926105976105,-0.0954073965549469,0.0954073965549469
train,1205,2.299999952316284,2.414543390274048,0.11454343795776367,0.11454343795776367
train,1206,2.0,2.2865781784057617,0.2865781784057617,0.2865781784057617
train,1207,0.27875399589538574,0.322018027305603,0.043264031410217285,0.043264031410217285
train,1208,5.0,4.87298059463501,-0.12701940536499023,0.12701940536499023
train,1209,-2.698970079421997,-2.7907180786132812,-0.09174799919128418,0.09174799919128418
train,1210,5.0,4.87298059463501,-0.12701940536499023,0.12701940536499023
train,1211,-1.5199999809265137,-1.5870842933654785,-0.06708431243896484,0.06708431243896484
train,1212,-1.0499999523162842,-0.9589755535125732,0.09102439880371094,0.09102439880371094
train,1213,1.5,1.491279125213623,-0.008720874786376953,0.008720874786376953
train,1214,4.590000152587891,4.687299728393555,0.09729957580566406,0.09729957580566406
train,1215,0.4771209955215454,0.6368611454963684,0.159740149974823,0.159740149974823
train,1216,0.3400000035762787,0.3259675204753876,-0.014032483100891113,0.014032483100891113
train,1217,1.7100000381469727,1.5815682411193848,-0.1284317970275879,0.1284317970275879
train,1218,5.631971836090088,5.545169353485107,-0.08680248260498047,0.08680248260498047
train,1219,-2.5228800773620605,-2.3881964683532715,0.13468360900878906,0.13468360900878906
train,1220,0.44999998807907104,0.613092839717865,0.16309285163879395,0.16309285163879395
train,1221,-0.10999999940395355,-0.22153215110301971,-0.11153215169906616,0.11153215169906616
train,1222,2.640000104904175,2.8662960529327393,0.22629594802856445,0.22629594802856445
train,1223,6.0,6.000356197357178,0.0003561973571777344,0.0003561973571777344
train,1224,4.480000019073486,4.466736316680908,-0.013263702392578125,0.013263702392578125
train,1225,4.300000190734863,4.464083671569824,0.16408348083496094,0.16408348083496094
train,1226,4.730000019073486,4.70140266418457,-0.028597354888916016,0.028597354888916016
train,1227,5.320000171661377,5.037046432495117,-0.28295373916625977,0.28295373916625977
train,1228,0.4099999964237213,0.6459402441978455,0.23594024777412415,0.23594024777412415
train,1229,1.2300000190734863,1.2968682050704956,0.06686818599700928,0.06686818599700928
train,1230,0.36052000522613525,1.1064047813415527,0.7458847761154175,0.7458847761154175
train,1231,1.149999976158142,1.2968682050704956,0.14686822891235352,0.14686822891235352
train,1232,3.6994850635528564,3.6171047687530518,-0.08238029479980469,0.08238029479980469
train,1233,8.70757007598877,8.474979400634766,-0.2325906753540039,0.2325906753540039
train,1234,-0.27000001072883606,-0.33747780323028564,-0.06747779250144958,0.06747779250144958
train,1235,6.050000190734863,6.303002834320068,0.2530026435852051,0.2530026435852051
train,1236,2.809999942779541,2.7489778995513916,-0.061022043228149414,0.061022043228149414
train,1237,4.590000152587891,4.514074802398682,-0.07592535018920898,0.07592535018920898
train,1238,4.199999809265137,4.626660346984863,0.42666053771972656,0.42666053771972656
train,1239,4.409999847412109,4.557250499725342,0.14725065231323242,0.14725065231323242
